Timestamp,Open,High,Low,Close,Volume
2026-09-28 09:15:00,23064.900390625,23079.75,22972.75,22975.599609375,0
2026-09-28 09:16:00,22974.599609375,22974.849609375,22946.94921875,22965.5,0
2026-09-28 09:17:00,22965.19921875,22970.849609375,22963.19921875,22969.099609375,0
2026-09-28 09:18:00,22969.05078125,22977.44921875,22961.900390625,22966.599609375,0
2026-09-28 09:19:00,22965.75,22967.849609375,22947.55078125,22950.099609375,0
2026-09-28 09:20:00,22949.5,22951.80078125,22922.25,22925.400390625,0
2026-09-28 09:21:00,22927.19921875,22928.25,22917.400390625,22920.099609375,0
2026-09-28 09:22:00,22919.900390625,22923.30078125,22914.44921875,22917.30078125,0
2026-09-28 09:23:00,22917.0,22928.44921875,22917.0,22923.849609375,0
2026-09-28 09:24:00,22923.650390625,22937.900390625,22922.400390625,22926.650390625,0
2026-09-28 09:25:00,22926.5,22928.69921875,22913.75,22914.44921875,0
2026-09-28 09:26:00,22914.19921875,22918.349609375,22911.900390625,22912.900390625,0
2026-09-28 09:27:00,22912.94921875,22915.25,22907.69921875,22907.849609375,0
2026-09-28 09:28:00,22907.650390625,22912.349609375,22905.25,22909.94921875,0
2026-09-28 09:29:00,22909.650390625,22911.650390625,22906.349609375,22908.94921875,0
2026-09-28 09:30:00,22908.599609375,22910.19921875,22900.44921875,22907.80078125,0
2026-09-28 09:31:00,22907.55078125,22912.099609375,22904.80078125,22905.94921875,0
2026-09-28 09:32:00,22905.69921875,22907.75,22899.349609375,22901.349609375,0
2026-09-28 09:33:00,22901.44921875,22902.69921875,22892.80078125,22893.900390625,0
2026-09-28 09:34:00,22893.55078125,22894.25,22889.30078125,22893.400390625,0
2026-09-28 09:35:00,22893.25,22895.75,22870.0,22878.44921875,0
2026-09-28 09:36:00,22878.5,22878.80078125,22866.0,22868.099609375,0
2026-09-28 09:37:00,22867.80078125,22869.150390625,22862.94921875,22863.75,0
2026-09-28 09:38:00,22864.69921875,22867.25,22856.05078125,22862.5,0
2026-09-28 09:39:00,22862.099609375,22866.650390625,22860.150390625,22861.55078125,0
2026-09-28 09:40:00,22861.44921875,22864.30078125,22856.75,22862.650390625,0
2026-09-28 09:41:00,22862.94921875,22873.69921875,22862.94921875,22870.30078125,0
2026-09-28 09:42:00,22870.44921875,22871.900390625,22861.5,22864.150390625,0
2026-09-28 09:43:00,22864.400390625,22865.650390625,22856.099609375,22861.05078125,0
2026-09-28 09:44:00,22860.849609375,22862.0,22855.44921875,22856.44921875,0
2026-09-28 09:45:00,22857.400390625,22867.05078125,22856.30078125,22866.349609375,0
2026-09-28 09:46:00,22866.69921875,22873.05078125,22865.599609375,22870.80078125,0
2026-09-28 09:47:00,22870.80078125,22877.349609375,22870.30078125,22875.80078125,0
2026-09-28 09:48:00,22875.75,22878.599609375,22867.599609375,22868.150390625,0
2026-09-28 09:49:00,22868.19921875,22874.599609375,22865.94921875,22874.599609375,0
2026-09-28 09:50:00,22874.75,22876.30078125,22869.5,22873.80078125,0
2026-09-28 09:51:00,22873.94921875,22875.400390625,22866.900390625,22867.650390625,0
2026-09-28 09:52:00,22868.349609375,22876.5,22865.69921875,22874.80078125,0
2026-09-28 09:53:00,22876.650390625,22880.900390625,22875.0,22877.25,0
2026-09-28 09:54:00,22877.30078125,22877.849609375,22870.44921875,22872.349609375,0
2026-09-28 09:55:00,22871.19921875,22877.099609375,22869.44921875,22870.849609375,0
2026-09-28 09:56:00,22870.80078125,22875.30078125,22867.150390625,22874.55078125,0
2026-09-28 09:57:00,22875.099609375,22877.900390625,22872.849609375,22875.849609375,0
2026-09-28 09:58:00,22875.900390625,22886.5,22875.900390625,22883.94921875,0
2026-09-28 09:59:00,22884.25,22884.55078125,22874.69921875,22874.80078125,0
2026-09-28 10:00:00,22874.900390625,22876.349609375,22865.55078125,22866.900390625,0
2026-09-28 10:01:00,22866.900390625,22873.400390625,22864.80078125,22873.05078125,0
2026-09-28 10:02:00,22873.75,22879.55078125,22871.849609375,22877.25,0
2026-09-28 10:03:00,22877.099609375,22880.349609375,22872.650390625,22874.900390625,0
2026-09-28 10:04:00,22875.099609375,22876.099609375,22867.75,22872.849609375,0
2026-09-28 10:05:00,22872.849609375,22875.94921875,22864.349609375,22864.650390625,0
2026-09-28 10:06:00,22864.849609375,22867.25,22861.30078125,22862.25,0
2026-09-28 10:07:00,22862.30078125,22867.599609375,22860.44921875,22866.55078125,0
2026-09-28 10:08:00,22866.599609375,22868.30078125,22864.05078125,22864.19921875,0
2026-09-28 10:09:00,22864.099609375,22864.400390625,22850.599609375,22851.75,0
2026-09-28 10:10:00,22852.0,22854.599609375,22849.900390625,22854.349609375,0
2026-09-28 10:11:00,22854.650390625,22864.55078125,22854.099609375,22864.0,0
2026-09-28 10:12:00,22863.80078125,22867.19921875,22860.400390625,22861.150390625,0
2026-09-28 10:13:00,22860.80078125,22870.099609375,22860.099609375,22870.05078125,0
2026-09-28 10:14:00,22870.30078125,22871.75,22865.30078125,22865.55078125,0
2026-09-28 10:15:00,22865.400390625,22865.80078125,22855.94921875,22859.349609375,0
2026-09-28 10:16:00,22859.349609375,22859.75,22856.30078125,22857.05078125,0
2026-09-28 10:17:00,22856.849609375,22858.05078125,22839.650390625,22839.80078125,0
2026-09-28 10:18:00,22839.900390625,22848.150390625,22838.099609375,22845.94921875,0
2026-09-28 10:19:00,22845.650390625,22851.849609375,22844.849609375,22851.599609375,0
2026-09-28 10:20:00,22851.5,22860.30078125,22851.25,22856.80078125,0
2026-09-28 10:21:00,22856.75,22857.5,22848.5,22849.44921875,0
2026-09-28 10:22:00,22849.44921875,22849.849609375,22841.5,22843.30078125,0
2026-09-28 10:23:00,22843.30078125,22849.0,22842.69921875,22844.05078125,0
2026-09-28 10:24:00,22844.05078125,22845.94921875,22836.25,22838.25,0
2026-09-28 10:25:00,22838.19921875,22842.30078125,22834.900390625,22835.94921875,0
2026-09-28 10:26:00,22835.900390625,22840.849609375,22834.94921875,22835.94921875,0
2026-09-28 10:27:00,22835.69921875,22837.69921875,22833.80078125,22834.599609375,0
2026-09-28 10:28:00,22834.400390625,22839.80078125,22834.19921875,22839.44921875,0
2026-09-28 10:29:00,22839.30078125,22843.849609375,22838.400390625,22842.69921875,0
2026-09-28 10:30:00,22842.94921875,22851.650390625,22842.599609375,22848.25,0
2026-09-28 10:31:00,22848.099609375,22849.55078125,22845.349609375,22847.849609375,0
2026-09-28 10:32:00,22847.94921875,22849.099609375,22842.30078125,22844.44921875,0
2026-09-28 10:33:00,22845.19921875,22847.94921875,22844.19921875,22845.099609375,0
2026-09-28 10:34:00,22845.25,22845.25,22839.75,22841.900390625,0
2026-09-28 10:35:00,22841.75,22844.19921875,22840.69921875,22841.80078125,0
2026-09-28 10:36:00,22841.650390625,22852.69921875,22841.650390625,22846.599609375,0
2026-09-28 10:37:00,22847.19921875,22847.94921875,22839.650390625,22841.44921875,0
2026-09-28 10:38:00,22841.349609375,22842.30078125,22836.05078125,22836.30078125,0
2026-09-28 10:39:00,22836.400390625,22838.25,22829.400390625,22830.75,0
2026-09-28 10:40:00,22830.55078125,22835.900390625,22829.25,22833.349609375,0
2026-09-28 10:41:00,22833.05078125,22834.150390625,22821.30078125,22822.94921875,0
2026-09-28 10:42:00,22822.900390625,22826.099609375,22820.400390625,22824.25,0
2026-09-28 10:43:00,22824.55078125,22827.75,22820.69921875,22826.150390625,0
2026-09-28 10:44:00,22826.0,22827.75,22824.349609375,22827.099609375,0
2026-09-28 10:45:00,22827.25,22830.94921875,22825.44921875,22829.05078125,0
2026-09-28 10:46:00,22829.349609375,22834.099609375,22828.05078125,22830.05078125,0
2026-09-28 10:47:00,22830.25,22831.099609375,22826.44921875,22828.900390625,0
2026-09-28 10:48:00,22828.900390625,22830.25,22822.69921875,22823.349609375,0
2026-09-28 10:49:00,22823.25,22825.55078125,22821.5,22823.150390625,0
2026-09-28 10:50:00,22822.849609375,22824.05078125,22819.94921875,22824.05078125,0
2026-09-28 10:51:00,22824.0,22825.25,22820.650390625,22825.25,0
2026-09-28 10:52:00,22825.150390625,22827.349609375,22820.25,22821.19921875,0
2026-09-28 10:53:00,22820.650390625,22825.19921875,22819.80078125,22821.75,0
2026-09-28 10:54:00,22821.69921875,22829.94921875,22820.400390625,22827.80078125,0
2026-09-28 10:55:00,22828.0,22835.05078125,22828.0,22833.94921875,0
2026-09-28 10:56:00,22834.19921875,22837.099609375,22833.5,22835.150390625,0
2026-09-28 10:57:00,22834.94921875,22839.849609375,22834.849609375,22839.05078125,0
2026-09-28 10:58:00,22839.349609375,22841.69921875,22837.599609375,22840.5,0
2026-09-28 10:59:00,22840.75,22845.55078125,22838.0,22838.900390625,0
2026-09-28 11:00:00,22838.849609375,22840.0,22831.75,22832.900390625,0
2026-09-28 11:01:00,22832.849609375,22836.150390625,22830.400390625,22835.099609375,0
2026-09-28 11:02:00,22834.80078125,22837.30078125,22832.599609375,22836.0,0
2026-09-28 11:03:00,22835.94921875,22836.900390625,22830.349609375,22830.349609375,0
2026-09-28 11:04:00,22831.0,22831.900390625,22823.349609375,22824.0,0
2026-09-28 11:05:00,22824.0,22825.650390625,22820.80078125,22823.75,0
2026-09-28 11:06:00,22823.849609375,22828.25,22822.80078125,22827.099609375,0
2026-09-28 11:07:00,22827.05078125,22830.400390625,22825.650390625,22825.94921875,0
2026-09-28 11:08:00,22826.0,22827.400390625,22823.0,22823.349609375,0
2026-09-28 11:09:00,22823.19921875,22826.94921875,22823.19921875,22824.849609375,0
2026-09-28 11:10:00,22824.849609375,22828.44921875,22823.44921875,22823.80078125,0
2026-09-28 11:11:00,22824.0,22825.599609375,22818.900390625,22818.900390625,0
2026-09-28 11:12:00,22818.69921875,22820.5,22815.44921875,22819.30078125,0
2026-09-28 11:13:00,22819.55078125,22823.599609375,22819.25,22822.55078125,0
2026-09-28 11:14:00,22822.599609375,22823.80078125,22819.400390625,22820.80078125,0
2026-09-28 11:15:00,22820.69921875,22824.5,22817.30078125,22819.900390625,0
2026-09-28 11:16:00,22820.0,22821.05078125,22808.19921875,22809.0,0
2026-09-28 11:17:00,22808.900390625,22813.650390625,22808.900390625,22812.80078125,0
2026-09-28 11:18:00,22812.94921875,22814.599609375,22807.650390625,22814.44921875,0
2026-09-28 11:19:00,22814.599609375,22820.05078125,22814.099609375,22818.05078125,0
2026-09-28 11:20:00,22818.19921875,22823.25,22816.0,22818.599609375,0
2026-09-28 11:21:00,22818.5,22820.150390625,22815.44921875,22817.30078125,0
2026-09-28 11:22:00,22817.0,22819.30078125,22815.25,22815.25,0
2026-09-28 11:23:00,22815.30078125,22816.30078125,22811.44921875,22813.80078125,0
2026-09-28 11:24:00,22813.94921875,22815.19921875,22808.900390625,22810.650390625,0
2026-09-28 11:25:00,22810.599609375,22815.900390625,22810.599609375,22814.5,0
2026-09-28 11:26:00,22814.599609375,22817.80078125,22813.599609375,22816.30078125,0
2026-09-28 11:27:00,22816.30078125,22825.099609375,22816.0,22824.349609375,0
2026-09-28 11:28:00,22824.150390625,22829.099609375,22823.55078125,22828.349609375,0
2026-09-28 11:29:00,22829.94921875,22833.599609375,22829.0,22830.05078125,0
2026-09-28 11:30:00,22829.94921875,22835.69921875,22829.099609375,22832.650390625,0
2026-09-28 11:31:00,22832.69921875,22835.599609375,22830.150390625,22835.599609375,0
2026-09-28 11:32:00,22835.44921875,22840.80078125,22833.849609375,22838.19921875,0
2026-09-28 11:33:00,22839.25,22839.25,22827.19921875,22828.0,0
2026-09-28 11:34:00,22828.94921875,22829.30078125,22824.25,22825.80078125,0
2026-09-28 11:35:00,22825.75,22828.75,22822.900390625,22825.44921875,0
2026-09-28 11:36:00,22825.400390625,22828.650390625,22823.94921875,22828.19921875,0
2026-09-28 11:37:00,22828.25,22836.55078125,22828.0,22834.19921875,0
2026-09-28 11:38:00,22834.05078125,22837.349609375,22833.099609375,22836.44921875,0
2026-09-28 11:39:00,22836.44921875,22838.150390625,22835.44921875,22836.849609375,0
2026-09-28 11:40:00,22836.94921875,22843.69921875,22836.19921875,22843.19921875,0
2026-09-28 11:41:00,22843.19921875,22849.150390625,22840.75,22847.30078125,0
2026-09-28 11:42:00,22847.30078125,22847.94921875,22844.69921875,22846.5,0
2026-09-28 11:43:00,22846.5,22847.900390625,22842.80078125,22843.650390625,0
2026-09-28 11:44:00,22843.650390625,22844.25,22840.5,22842.099609375,0
2026-09-28 11:45:00,22842.05078125,22846.900390625,22840.900390625,22844.849609375,0
2026-09-28 11:46:00,22844.599609375,22849.349609375,22843.099609375,22845.349609375,0
2026-09-28 11:47:00,22845.099609375,22847.150390625,22842.849609375,22843.849609375,0
2026-09-28 11:48:00,22843.80078125,22846.900390625,22839.94921875,22845.80078125,0
2026-09-28 11:49:00,22845.69921875,22847.30078125,22838.099609375,22838.94921875,0
2026-09-28 11:50:00,22838.94921875,22843.099609375,22837.349609375,22839.0,0
2026-09-28 11:51:00,22838.94921875,22839.400390625,22829.400390625,22830.650390625,0
2026-09-28 11:52:00,22830.80078125,22837.19921875,22829.94921875,22836.0,0
2026-09-28 11:53:00,22835.94921875,22838.650390625,22834.400390625,22836.099609375,0
2026-09-28 11:54:00,22836.5,22837.80078125,22831.5,22831.75,0
2026-09-28 11:55:00,22832.099609375,22834.150390625,22824.69921875,22825.0,0
2026-09-28 11:56:00,22824.80078125,22826.599609375,22813.900390625,22817.400390625,0
2026-09-28 11:57:00,22817.55078125,22822.44921875,22816.44921875,22820.30078125,0
2026-09-28 11:58:00,22820.5,22824.30078125,22818.400390625,22821.94921875,0
2026-09-28 11:59:00,22821.94921875,22828.19921875,22820.69921875,22826.599609375,0
2026-09-28 12:00:00,22826.349609375,22827.69921875,22822.75,22826.5,0
2026-09-28 12:01:00,22826.44921875,22834.900390625,22826.44921875,22832.69921875,0
2026-09-28 12:02:00,22832.900390625,22835.599609375,22832.05078125,22834.849609375,0
2026-09-28 12:03:00,22834.69921875,22835.650390625,22827.19921875,22829.80078125,0
2026-09-28 12:04:00,22829.650390625,22832.05078125,22822.44921875,22823.849609375,0
2026-09-28 12:05:00,22823.849609375,22836.0,22822.55078125,22835.75,0
2026-09-28 12:06:00,22835.75,22837.94921875,22833.19921875,22835.0,0
2026-09-28 12:07:00,22835.349609375,22838.099609375,22832.19921875,22834.19921875,0
2026-09-28 12:08:00,22834.19921875,22835.0,22829.849609375,22833.849609375,0
2026-09-28 12:09:00,22833.75,22835.94921875,22831.0,22832.349609375,0
2026-09-28 12:10:00,22832.30078125,22834.19921875,22828.849609375,22831.650390625,0
2026-09-28 12:11:00,22831.69921875,22834.099609375,22829.849609375,22830.69921875,0
2026-09-28 12:12:00,22830.94921875,22833.44921875,22827.55078125,22832.150390625,0
2026-09-28 12:13:00,22832.150390625,22833.69921875,22828.19921875,22829.94921875,0
2026-09-28 12:14:00,22829.849609375,22835.0,22829.599609375,22834.30078125,0
2026-09-28 12:15:00,22834.150390625,22835.25,22825.44921875,22826.05078125,0
2026-09-28 12:16:00,22826.099609375,22832.55078125,22824.80078125,22830.80078125,0
2026-09-28 12:17:00,22830.75,22833.75,22828.650390625,22832.75,0
2026-09-28 12:18:00,22832.69921875,22834.80078125,22831.19921875,22833.94921875,0
2026-09-28 12:19:00,22833.94921875,22837.30078125,22833.55078125,22836.44921875,0
2026-09-28 12:20:00,22836.400390625,22837.69921875,22833.849609375,22835.5,0
2026-09-28 12:21:00,22835.44921875,22835.5,22832.25,22833.150390625,0
2026-09-28 12:22:00,22832.849609375,22834.400390625,22830.150390625,22831.05078125,0
2026-09-28 12:23:00,22831.099609375,22838.599609375,22830.44921875,22838.150390625,0
2026-09-28 12:24:00,22838.150390625,22843.900390625,22836.25,22843.900390625,0
2026-09-28 12:25:00,22844.0,22847.650390625,22843.599609375,22845.650390625,0
2026-09-28 12:26:00,22845.849609375,22851.25,22845.75,22847.69921875,0
2026-09-28 12:27:00,22847.69921875,22849.05078125,22840.849609375,22841.75,0
2026-09-28 12:28:00,22841.650390625,22849.30078125,22841.30078125,22848.55078125,0
2026-09-28 12:29:00,22848.5,22855.44921875,22847.099609375,22854.099609375,0
2026-09-28 12:30:00,22853.80078125,22855.349609375,22847.650390625,22848.5,0
2026-09-28 12:31:00,22848.5,22849.80078125,22841.30078125,22846.400390625,0
2026-09-28 12:32:00,22846.400390625,22850.05078125,22843.94921875,22848.650390625,0
2026-09-28 12:33:00,22848.650390625,22850.0,22840.849609375,22841.849609375,0
2026-09-28 12:34:00,22841.80078125,22843.349609375,22835.5,22838.80078125,0
2026-09-28 12:35:00,22839.05078125,22840.05078125,22836.099609375,22839.44921875,0
2026-09-28 12:36:00,22839.349609375,22840.44921875,22837.05078125,22838.349609375,0
2026-09-28 12:37:00,22838.19921875,22842.75,22838.099609375,22840.25,0
2026-09-28 12:38:00,22840.400390625,22841.900390625,22837.650390625,22839.69921875,0
2026-09-28 12:39:00,22839.849609375,22841.150390625,22837.30078125,22839.349609375,0
2026-09-28 12:40:00,22839.349609375,22842.099609375,22838.69921875,22839.400390625,0
2026-09-28 12:41:00,22839.400390625,22844.150390625,22838.849609375,22843.349609375,0
2026-09-28 12:42:00,22843.400390625,22844.44921875,22840.75,22843.5,0
2026-09-28 12:43:00,22843.849609375,22848.150390625,22842.650390625,22843.400390625,0
2026-09-28 12:44:00,22843.69921875,22844.849609375,22837.650390625,22838.400390625,0
2026-09-28 12:45:00,22838.44921875,22840.150390625,22835.25,22837.650390625,0
2026-09-28 12:46:00,22837.650390625,22842.19921875,22837.650390625,22841.0,0
2026-09-28 12:47:00,22841.0,22841.900390625,22837.849609375,22839.0,0
2026-09-28 12:48:00,22839.19921875,22841.349609375,22835.19921875,22837.0,0
2026-09-28 12:49:00,22836.94921875,22839.099609375,22835.849609375,22837.55078125,0
2026-09-28 12:50:00,22837.55078125,22839.30078125,22834.69921875,22835.55078125,0
2026-09-28 12:51:00,22835.44921875,22838.80078125,22834.5,22838.05078125,0
2026-09-28 12:52:00,22838.05078125,22840.19921875,22830.75,22831.55078125,0
2026-09-28 12:53:00,22831.900390625,22832.75,22827.69921875,22829.44921875,0
2026-09-28 12:54:00,22829.349609375,22833.94921875,22828.69921875,22832.25,0
2026-09-28 12:55:00,22832.25,22832.44921875,22828.05078125,22831.05078125,0
2026-09-28 12:56:00,22831.099609375,22833.349609375,22828.349609375,22829.5,0
2026-09-28 12:57:00,22829.75,22830.94921875,22822.849609375,22823.55078125,0
2026-09-28 12:58:00,22823.69921875,22828.75,22822.80078125,22828.400390625,0
2026-09-28 12:59:00,22828.400390625,22832.69921875,22827.69921875,22830.25,0
2026-09-28 13:00:00,22830.150390625,22832.599609375,22827.30078125,22827.94921875,0
2026-09-28 13:01:00,22827.900390625,22831.349609375,22827.900390625,22830.75,0
2026-09-28 13:02:00,22830.80078125,22831.55078125,22826.80078125,22827.25,0
2026-09-28 13:03:00,22827.349609375,22829.75,22826.69921875,22828.30078125,0
2026-09-28 13:04:00,22828.349609375,22829.099609375,22820.900390625,22820.900390625,0
2026-09-28 13:05:00,22821.19921875,22822.44921875,22819.94921875,22822.400390625,0
2026-09-28 13:06:00,22822.349609375,22824.44921875,22820.349609375,22822.30078125,0
2026-09-28 13:07:00,22822.5,22824.30078125,22818.5,22820.5,0
2026-09-28 13:08:00,22820.5,22821.5,22809.44921875,22812.5,0
2026-09-28 13:09:00,22812.5,22822.25,22812.19921875,22821.5,0
2026-09-28 13:10:00,22821.69921875,22831.349609375,22821.69921875,22831.349609375,0
2026-09-28 13:11:00,22831.25,22837.650390625,22831.25,22832.94921875,0
2026-09-28 13:12:00,22832.80078125,22834.44921875,22823.599609375,22824.75,0
2026-09-28 13:13:00,22824.69921875,22826.650390625,22823.349609375,22824.25,0
2026-09-28 13:14:00,22824.349609375,22825.94921875,22819.69921875,22820.099609375,0
2026-09-28 13:15:00,22820.400390625,22823.75,22818.19921875,22819.30078125,0
2026-09-28 13:16:00,22819.349609375,22822.80078125,22818.55078125,22821.849609375,0
2026-09-28 13:17:00,22821.900390625,22829.44921875,22821.900390625,22829.0,0
2026-09-28 13:18:00,22828.94921875,22832.19921875,22827.19921875,22827.849609375,0
2026-09-28 13:19:00,22827.849609375,22831.75,22826.05078125,22831.5,0
2026-09-28 13:20:00,22831.599609375,22831.849609375,22824.900390625,22825.80078125,0
2026-09-28 13:21:00,22825.94921875,22830.650390625,22825.150390625,22830.5,0
2026-09-28 13:22:00,22830.349609375,22835.349609375,22830.349609375,22834.900390625,0
2026-09-28 13:23:00,22834.94921875,22848.25,22833.349609375,22842.05078125,0
2026-09-28 13:24:00,22841.75,22843.349609375,22840.150390625,22841.5,0
2026-09-28 13:25:00,22841.44921875,22844.400390625,22839.849609375,22844.05078125,0
2026-09-28 13:26:00,22844.099609375,22848.0,22844.05078125,22846.349609375,0
2026-09-28 13:27:00,22846.25,22848.69921875,22844.30078125,22845.099609375,0
2026-09-28 13:28:00,22845.0,22846.75,22842.94921875,22846.150390625,0
2026-09-28 13:29:00,22846.150390625,22848.25,22844.849609375,22846.650390625,0
2026-09-28 13:30:00,22846.349609375,22848.599609375,22842.25,22842.650390625,0
2026-09-28 13:31:00,22843.19921875,22843.30078125,22834.19921875,22836.900390625,0
2026-09-28 13:32:00,22836.94921875,22839.099609375,22832.94921875,22833.849609375,0
2026-09-28 13:33:00,22833.80078125,22837.44921875,22833.099609375,22833.349609375,0
2026-09-28 13:34:00,22833.55078125,22835.55078125,22830.150390625,22831.0,0
2026-09-28 13:35:00,22831.099609375,22834.849609375,22831.0,22832.69921875,0
2026-09-28 13:36:00,22832.599609375,22836.69921875,22832.44921875,22833.30078125,0
2026-09-28 13:37:00,22833.30078125,22836.0,22830.69921875,22831.69921875,0
2026-09-28 13:38:00,22831.900390625,22835.650390625,22831.900390625,22834.5,0
2026-09-28 13:39:00,22834.44921875,22843.599609375,22834.30078125,22842.849609375,0
2026-09-28 13:40:00,22843.0,22844.75,22841.80078125,22843.599609375,0
2026-09-28 13:41:00,22843.400390625,22847.25,22843.05078125,22846.0,0
2026-09-28 13:42:00,22846.150390625,22846.75,22839.5,22839.849609375,0
2026-09-28 13:43:00,22839.849609375,22840.75,22831.099609375,22832.30078125,0
2026-09-28 13:44:00,22832.05078125,22836.75,22831.0,22836.0,0
2026-09-28 13:45:00,22836.099609375,22840.349609375,22836.099609375,22838.5,0
2026-09-28 13:46:00,22838.5,22840.900390625,22837.55078125,22839.05078125,0
2026-09-28 13:47:00,22839.099609375,22844.55078125,22837.650390625,22838.849609375,0
2026-09-28 13:48:00,22838.55078125,22841.0,22834.849609375,22836.44921875,0
2026-09-28 13:49:00,22836.55078125,22837.400390625,22828.55078125,22835.94921875,0
2026-09-28 13:50:00,22836.0,22838.900390625,22835.150390625,22836.44921875,0
2026-09-28 13:51:00,22836.19921875,22838.69921875,22832.900390625,22836.650390625,0
2026-09-28 13:52:00,22837.05078125,22843.650390625,22836.05078125,22842.0,0
2026-09-28 13:53:00,22842.05078125,22844.400390625,22834.400390625,22836.400390625,0
2026-09-28 13:54:00,22836.44921875,22838.0,22832.349609375,22833.55078125,0
2026-09-28 13:55:00,22833.55078125,22836.0,22832.19921875,22834.55078125,0
2026-09-28 13:56:00,22834.55078125,22844.599609375,22833.849609375,22842.099609375,0
2026-09-28 13:57:00,22842.349609375,22844.0,22835.75,22836.55078125,0
2026-09-28 13:58:00,22836.19921875,22844.69921875,22835.400390625,22841.400390625,0
2026-09-28 13:59:00,22841.55078125,22845.099609375,22841.44921875,22843.150390625,0
2026-09-28 14:00:00,22842.75,22846.099609375,22841.599609375,22843.0,0
2026-09-28 14:01:00,22843.150390625,22844.25,22836.599609375,22837.55078125,0
2026-09-28 14:02:00,22837.55078125,22838.94921875,22828.69921875,22829.900390625,0
2026-09-28 14:03:00,22830.19921875,22836.0,22829.69921875,22833.69921875,0
2026-09-28 14:04:00,22834.05078125,22837.849609375,22831.099609375,22832.099609375,0
2026-09-28 14:05:00,22832.150390625,22834.69921875,22829.94921875,22830.400390625,0
2026-09-28 14:06:00,22830.44921875,22832.349609375,22824.55078125,22825.44921875,0
2026-09-28 14:07:00,22825.400390625,22829.25,22824.150390625,22827.599609375,0
2026-09-28 14:08:00,22828.0,22830.44921875,22825.849609375,22829.900390625,0
2026-09-28 14:09:00,22829.80078125,22831.80078125,22825.75,22828.69921875,0
2026-09-28 14:10:00,22829.25,22834.349609375,22826.900390625,22833.19921875,0
2026-09-28 14:11:00,22833.349609375,22837.44921875,22831.0,22835.650390625,0
2026-09-28 14:12:00,22835.25,22837.650390625,22831.19921875,22831.599609375,0
2026-09-28 14:13:00,22831.650390625,22833.900390625,22821.5,22821.80078125,0
2026-09-28 14:14:00,22821.80078125,22825.5,22819.5,22821.80078125,0
2026-09-28 14:15:00,22821.80078125,22825.650390625,22813.599609375,22813.900390625,0
2026-09-28 14:16:00,22813.900390625,22817.25,22811.75,22814.55078125,0
2026-09-28 14:17:00,22814.55078125,22815.849609375,22803.650390625,22804.19921875,0
2026-09-28 14:18:00,22803.55078125,22804.94921875,22785.55078125,22795.400390625,0
2026-09-28 14:19:00,22795.55078125,22800.55078125,22794.400390625,22795.0,0
2026-09-28 14:20:00,22795.44921875,22804.55078125,22795.25,22802.69921875,0
2026-09-28 14:21:00,22802.5,22806.25,22801.599609375,22804.55078125,0
2026-09-28 14:22:00,22804.349609375,22805.19921875,22796.099609375,22796.44921875,0
2026-09-28 14:23:00,22796.400390625,22797.5,22791.80078125,22794.19921875,0
2026-09-28 14:24:00,22794.349609375,22800.900390625,22794.349609375,22797.599609375,0
2026-09-28 14:25:00,22797.650390625,22803.5,22796.900390625,22801.69921875,0
2026-09-28 14:26:00,22801.650390625,22803.69921875,22798.55078125,22799.400390625,0
2026-09-28 14:27:00,22799.44921875,22803.05078125,22797.599609375,22800.650390625,0
2026-09-28 14:28:00,22801.0,22802.099609375,22796.5,22797.69921875,0
2026-09-28 14:29:00,22797.69921875,22800.349609375,22792.900390625,22793.75,0
2026-09-28 14:30:00,22794.19921875,22805.400390625,22793.599609375,22804.94921875,0
2026-09-28 14:31:00,22805.0,22805.849609375,22797.05078125,22798.69921875,0
2026-09-28 14:32:00,22798.599609375,22799.650390625,22791.650390625,22792.400390625,0
2026-09-28 14:33:00,22792.44921875,22793.44921875,22787.099609375,22788.349609375,0
2026-09-28 14:34:00,22788.349609375,22790.0,22781.44921875,22783.400390625,0
2026-09-28 14:35:00,22783.05078125,22786.0,22781.0,22782.30078125,0
2026-09-28 14:36:00,22782.44921875,22788.05078125,22781.400390625,22782.75,0
2026-09-28 14:37:00,22782.69921875,22784.19921875,22778.400390625,22779.19921875,0
2026-09-28 14:38:00,22779.19921875,22780.099609375,22764.349609375,22767.0,0
2026-09-28 14:39:00,22766.599609375,22769.25,22762.25,22768.150390625,0
2026-09-28 14:40:00,22768.5,22772.849609375,22765.30078125,22770.900390625,0
2026-09-28 14:41:00,22770.599609375,22776.5,22770.0,22774.05078125,0
2026-09-28 14:42:00,22774.099609375,22775.80078125,22770.0,22770.349609375,0
2026-09-28 14:43:00,22770.099609375,22773.599609375,22768.599609375,22772.69921875,0
2026-09-28 14:44:00,22772.69921875,22779.599609375,22771.849609375,22778.80078125,0
2026-09-28 14:45:00,22778.80078125,22781.55078125,22778.05078125,22779.0,0
2026-09-28 14:46:00,22778.94921875,22789.55078125,22777.5,22789.400390625,0
2026-09-28 14:47:00,22788.5,22792.75,22786.94921875,22789.05078125,0
2026-09-28 14:48:00,22789.25,22791.44921875,22786.5,22790.849609375,0
2026-09-28 14:49:00,22790.94921875,22799.900390625,22790.30078125,22798.55078125,0
2026-09-28 14:50:00,22798.599609375,22803.099609375,22795.5,22802.650390625,0
2026-09-28 14:51:00,22802.400390625,22803.80078125,22797.30078125,22798.75,0
2026-09-28 14:52:00,22798.650390625,22802.900390625,22794.80078125,22802.25,0
2026-09-28 14:53:00,22802.349609375,22808.5,22801.44921875,22805.94921875,0
2026-09-28 14:54:00,22805.849609375,22807.099609375,22801.650390625,22802.44921875,0
2026-09-28 14:55:00,22802.099609375,22804.849609375,22799.900390625,22800.650390625,0
2026-09-28 14:56:00,22800.55078125,22802.44921875,22798.75,22800.650390625,0
2026-09-28 14:57:00,22800.900390625,22806.19921875,22799.80078125,22802.75,0
2026-09-28 14:58:00,22802.80078125,22805.25,22799.19921875,22799.599609375,0
2026-09-28 14:59:00,22800.80078125,22801.349609375,22797.25,22797.80078125,0
2026-09-28 15:00:00,22797.900390625,22798.599609375,22793.55078125,22795.150390625,0
2026-09-28 15:01:00,22795.099609375,22795.55078125,22789.900390625,22790.30078125,0
2026-09-28 15:02:00,22790.69921875,22791.099609375,22780.75,22785.80078125,0
2026-09-28 15:03:00,22785.80078125,22794.25,22784.30078125,22793.55078125,0
2026-09-28 15:04:00,22793.5,22796.69921875,22790.44921875,22790.69921875,0
2026-09-28 15:05:00,22790.349609375,22790.849609375,22782.650390625,22786.30078125,0
2026-09-28 15:06:00,22786.349609375,22786.349609375,22778.25,22782.75,0
2026-09-28 15:07:00,22782.75,22785.75,22780.400390625,22784.0,0
2026-09-28 15:08:00,22783.75,22786.55078125,22782.19921875,22784.099609375,0
2026-09-28 15:09:00,22783.5,22785.44921875,22777.599609375,22784.30078125,0
2026-09-28 15:10:00,22784.0,22797.599609375,22782.55078125,22793.55078125,0
2026-09-28 15:11:00,22793.900390625,22795.55078125,22788.30078125,22794.900390625,0
2026-09-28 15:12:00,22794.849609375,22797.69921875,22787.650390625,22795.349609375,0
2026-09-28 15:13:00,22795.30078125,22797.099609375,22788.650390625,22790.75,0
2026-09-28 15:14:00,22791.349609375,22792.400390625,22781.75,22787.19921875,0
2026-09-28 15:15:00,22788.25,22788.25,22788.25,22788.25,0
2026-09-28 15:16:00,22788.25,22788.25,22788.25,22788.25,0
2026-09-28 15:17:00,22788.25,22788.25,22788.25,22788.25,0
2026-09-28 15:18:00,22788.25,22788.25,22788.25,22788.25,0
2026-09-28 15:19:00,22788.25,22788.25,22788.25,22788.25,0
2026-09-28 15:20:00,22788.25,22788.25,22788.25,22788.25,0
2026-09-28 15:21:00,22788.25,22788.25,22788.25,22788.25,0
2026-09-28 15:22:00,22788.25,22788.25,22788.25,22788.25,0
2026-09-28 15:23:00,22788.25,22788.25,22788.25,22788.25,0
2026-09-28 15:24:00,22788.25,22788.25,22788.25,22788.25,0
2026-09-28 15:25:00,22788.25,22788.25,22788.25,22788.25,0
2026-09-28 15:26:00,22788.25,22788.25,22788.25,22788.25,0
2026-09-28 15:27:00,22788.25,22788.25,22788.25,22788.25,0
2026-09-28 15:28:00,22788.25,22788.25,22788.25,22788.25,0
2026-09-28 15:29:00,22788.25,22788.25,22780.25,22780.25,0
2026-09-29 09:15:00,22732.44921875,22752.44921875,22704.80078125,22724.099609375,0
2026-09-29 09:16:00,22722.25,22722.25,22708.150390625,22714.55078125,0
2026-09-29 09:17:00,22714.19921875,22723.05078125,22706.400390625,22714.099609375,0
2026-09-29 09:18:00,22712.94921875,22718.400390625,22683.55078125,22685.05078125,0
2026-09-29 09:19:00,22683.5,22690.44921875,22680.19921875,22681.900390625,0
2026-09-29 09:20:00,22683.75,22685.44921875,22673.349609375,22674.94921875,0
2026-09-29 09:21:00,22675.25,22676.0,22664.900390625,22668.75,0
2026-09-29 09:22:00,22668.900390625,22669.650390625,22656.400390625,22668.099609375,0
2026-09-29 09:23:00,22668.44921875,22677.75,22668.099609375,22672.0,0
2026-09-29 09:24:00,22672.5,22676.25,22664.05078125,22666.75,0
2026-09-29 09:25:00,22666.900390625,22668.099609375,22656.400390625,22660.0,0
2026-09-29 09:26:00,22660.0,22661.30078125,22651.25,22652.5,0
2026-09-29 09:27:00,22652.400390625,22653.0,22642.69921875,22646.5,0
2026-09-29 09:28:00,22645.69921875,22646.05078125,22631.44921875,22634.400390625,0
2026-09-29 09:29:00,22635.150390625,22637.05078125,22624.69921875,22625.599609375,0
2026-09-29 09:30:00,22625.30078125,22638.099609375,22623.94921875,22631.55078125,0
2026-09-29 09:31:00,22632.400390625,22632.80078125,22621.5,22622.19921875,0
2026-09-29 09:32:00,22622.19921875,22627.349609375,22611.5,22613.599609375,0
2026-09-29 09:33:00,22613.30078125,22621.900390625,22611.099609375,22618.099609375,0
2026-09-29 09:34:00,22617.400390625,22621.69921875,22614.94921875,22618.94921875,0
2026-09-29 09:35:00,22619.75,22619.75,22603.19921875,22604.150390625,0
2026-09-29 09:36:00,22604.05078125,22604.80078125,22582.25,22584.5,0
2026-09-29 09:37:00,22585.05078125,22585.44921875,22571.650390625,22572.650390625,0
2026-09-29 09:38:00,22573.25,22586.25,22569.650390625,22581.55078125,0
2026-09-29 09:39:00,22582.80078125,22584.099609375,22575.44921875,22577.099609375,0
2026-09-29 09:40:00,22577.30078125,22598.19921875,22573.599609375,22594.849609375,0
2026-09-29 09:41:00,22594.69921875,22619.849609375,22591.650390625,22618.5,0
2026-09-29 09:42:00,22619.30078125,22626.5,22617.650390625,22624.849609375,0
2026-09-29 09:43:00,22625.30078125,22627.900390625,22611.0,22616.75,0
2026-09-29 09:44:00,22616.349609375,22618.75,22610.849609375,22613.30078125,0
2026-09-29 09:45:00,22613.400390625,22618.75,22607.400390625,22609.44921875,0
2026-09-29 09:46:00,22610.349609375,22610.349609375,22600.099609375,22606.30078125,0
2026-09-29 09:47:00,22606.25,22610.650390625,22603.349609375,22604.150390625,0
2026-09-29 09:48:00,22604.30078125,22605.099609375,22596.349609375,22599.30078125,0
2026-09-29 09:49:00,22598.900390625,22601.150390625,22595.25,22596.30078125,0
2026-09-29 09:50:00,22596.099609375,22599.75,22591.19921875,22595.900390625,0
2026-09-29 09:51:00,22595.80078125,22603.900390625,22590.80078125,22603.0,0
2026-09-29 09:52:00,22602.0,22603.400390625,22595.150390625,22600.349609375,0
2026-09-29 09:53:00,22597.80078125,22601.19921875,22593.44921875,22593.94921875,0
2026-09-29 09:54:00,22594.30078125,22607.80078125,22592.80078125,22605.55078125,0
2026-09-29 09:55:00,22605.55078125,22619.25,22604.150390625,22615.75,0
2026-09-29 09:56:00,22615.900390625,22615.900390625,22608.80078125,22610.05078125,0
2026-09-29 09:57:00,22610.44921875,22610.5,22600.099609375,22609.25,0
2026-09-29 09:58:00,22609.349609375,22613.05078125,22602.099609375,22604.150390625,0
2026-09-29 09:59:00,22603.900390625,22608.5,22600.650390625,22604.25,0
2026-09-29 10:00:00,22604.349609375,22607.94921875,22599.30078125,22607.75,0
2026-09-29 10:01:00,22607.75,22608.55078125,22592.900390625,22594.30078125,0
2026-09-29 10:02:00,22593.900390625,22594.69921875,22587.900390625,22591.5,0
2026-09-29 10:03:00,22591.5,22602.599609375,22590.69921875,22592.349609375,0
2026-09-29 10:04:00,22592.150390625,22596.80078125,22587.5,22590.150390625,0
2026-09-29 10:05:00,22590.5,22592.44921875,22584.69921875,22584.69921875,0
2026-09-29 10:06:00,22584.69921875,22590.150390625,22582.650390625,22583.849609375,0
2026-09-29 10:07:00,22583.75,22592.69921875,22580.55078125,22591.5,0
2026-09-29 10:08:00,22591.400390625,22599.349609375,22585.25,22594.099609375,0
2026-09-29 10:09:00,22594.05078125,22594.05078125,22584.349609375,22584.650390625,0
2026-09-29 10:10:00,22584.75,22586.849609375,22580.80078125,22582.150390625,0
2026-09-29 10:11:00,22581.900390625,22582.05078125,22571.55078125,22574.599609375,0
2026-09-29 10:12:00,22575.099609375,22581.900390625,22573.099609375,22577.55078125,0
2026-09-29 10:13:00,22577.55078125,22578.849609375,22573.900390625,22575.05078125,0
2026-09-29 10:14:00,22575.400390625,22579.75,22574.0,22578.75,0
2026-09-29 10:15:00,22578.75,22585.19921875,22575.099609375,22584.150390625,0
2026-09-29 10:16:00,22584.05078125,22585.25,22580.75,22582.650390625,0
2026-09-29 10:17:00,22583.150390625,22589.0,22582.19921875,22582.94921875,0
2026-09-29 10:18:00,22583.30078125,22587.19921875,22580.55078125,22586.349609375,0
2026-09-29 10:19:00,22586.150390625,22591.5,22584.80078125,22585.400390625,0
2026-09-29 10:20:00,22585.599609375,22586.80078125,22581.05078125,22584.55078125,0
2026-09-29 10:21:00,22583.849609375,22585.69921875,22573.0,22574.55078125,0
2026-09-29 10:22:00,22574.44921875,22584.349609375,22573.400390625,22579.69921875,0
2026-09-29 10:23:00,22579.69921875,22587.44921875,22578.349609375,22583.19921875,0
2026-09-29 10:24:00,22583.30078125,22587.650390625,22581.75,22587.5,0
2026-09-29 10:25:00,22587.5,22594.69921875,22586.349609375,22593.150390625,0
2026-09-29 10:26:00,22593.150390625,22599.599609375,22592.44921875,22599.400390625,0
2026-09-29 10:27:00,22598.80078125,22601.19921875,22595.349609375,22598.099609375,0
2026-09-29 10:28:00,22597.55078125,22600.94921875,22594.75,22599.75,0
2026-09-29 10:29:00,22599.900390625,22605.30078125,22599.150390625,22600.849609375,0
2026-09-29 10:30:00,22600.30078125,22602.150390625,22596.44921875,22597.19921875,0
2026-09-29 10:31:00,22597.30078125,22600.80078125,22591.30078125,22592.55078125,0
2026-09-29 10:32:00,22592.80078125,22593.400390625,22586.19921875,22586.55078125,0
2026-09-29 10:33:00,22586.5,22587.849609375,22581.0,22581.80078125,0
2026-09-29 10:34:00,22581.849609375,22594.849609375,22580.55078125,22594.150390625,0
2026-09-29 10:35:00,22594.150390625,22597.099609375,22592.099609375,22595.80078125,0
2026-09-29 10:36:00,22595.80078125,22596.900390625,22588.849609375,22589.900390625,0
2026-09-29 10:37:00,22590.099609375,22593.25,22585.400390625,22589.44921875,0
2026-09-29 10:38:00,22589.5,22594.650390625,22587.400390625,22593.900390625,0
2026-09-29 10:39:00,22593.849609375,22598.650390625,22593.099609375,22595.30078125,0
2026-09-29 10:40:00,22595.5,22596.849609375,22589.849609375,22591.25,0
2026-09-29 10:41:00,22591.349609375,22597.05078125,22590.19921875,22594.650390625,0
2026-09-29 10:42:00,22595.05078125,22598.55078125,22593.55078125,22597.400390625,0
2026-09-29 10:43:00,22597.150390625,22614.30078125,22597.150390625,22609.80078125,0
2026-09-29 10:44:00,22610.0,22615.349609375,22609.05078125,22613.0,0
2026-09-29 10:45:00,22613.05078125,22613.349609375,22606.75,22606.94921875,0
2026-09-29 10:46:00,22607.0,22609.849609375,22599.400390625,22601.849609375,0
2026-09-29 10:47:00,22601.5,22603.94921875,22596.55078125,22598.900390625,0
2026-09-29 10:48:00,22598.94921875,22599.900390625,22592.5,22598.05078125,0
2026-09-29 10:49:00,22597.94921875,22604.099609375,22596.5,22603.44921875,0
2026-09-29 10:50:00,22603.30078125,22603.849609375,22595.349609375,22597.19921875,0
2026-09-29 10:51:00,22597.19921875,22599.5,22595.05078125,22597.099609375,0
2026-09-29 10:52:00,22596.94921875,22607.30078125,22595.69921875,22607.30078125,0
2026-09-29 10:53:00,22607.349609375,22608.5,22604.900390625,22605.94921875,0
2026-09-29 10:54:00,22606.44921875,22612.099609375,22605.80078125,22609.55078125,0
2026-09-29 10:55:00,22609.599609375,22620.099609375,22608.80078125,22616.44921875,0
2026-09-29 10:56:00,22616.5,22623.55078125,22613.94921875,22614.30078125,0
2026-09-29 10:57:00,22615.349609375,22618.05078125,22611.80078125,22617.0,0
2026-09-29 10:58:00,22616.650390625,22628.650390625,22616.0,22619.05078125,0
2026-09-29 10:59:00,22617.650390625,22622.19921875,22617.099609375,22617.099609375,0
2026-09-29 11:00:00,22617.05078125,22620.19921875,22610.69921875,22614.099609375,0
2026-09-29 11:01:00,22614.099609375,22615.25,22601.05078125,22603.099609375,0
2026-09-29 11:02:00,22602.900390625,22603.55078125,22593.5,22596.80078125,0
2026-09-29 11:03:00,22597.05078125,22604.80078125,22595.19921875,22603.349609375,0
2026-09-29 11:04:00,22603.349609375,22603.400390625,22595.650390625,22600.0,0
2026-09-29 11:05:00,22600.55078125,22601.099609375,22593.650390625,22595.05078125,0
2026-09-29 11:06:00,22594.900390625,22605.25,22590.94921875,22603.80078125,0
2026-09-29 11:07:00,22603.69921875,22609.30078125,22601.69921875,22606.69921875,0
2026-09-29 11:08:00,22606.80078125,22606.94921875,22599.900390625,22604.55078125,0
2026-09-29 11:09:00,22604.349609375,22619.94921875,22602.55078125,22616.80078125,0
2026-09-29 11:10:00,22617.0,22658.05078125,22612.599609375,22648.400390625,0
2026-09-29 11:11:00,22648.19921875,22665.849609375,22647.19921875,22648.849609375,0
2026-09-29 11:12:00,22648.849609375,22671.900390625,22647.05078125,22668.349609375,0
2026-09-29 11:13:00,22668.349609375,22688.80078125,22659.849609375,22687.349609375,0
2026-09-29 11:14:00,22687.19921875,22701.44921875,22675.80078125,22683.94921875,0
2026-09-29 11:15:00,22683.75,22695.44921875,22681.400390625,22686.5,0
2026-09-29 11:16:00,22685.599609375,22688.75,22666.69921875,22673.099609375,0
2026-09-29 11:17:00,22672.94921875,22679.05078125,22670.400390625,22671.099609375,0
2026-09-29 11:18:00,22671.150390625,22673.5,22663.19921875,22673.5,0
2026-09-29 11:19:00,22674.0,22683.400390625,22672.650390625,22680.0,0
2026-09-29 11:20:00,22680.099609375,22693.69921875,22679.400390625,22689.55078125,0
2026-09-29 11:21:00,22689.75,22689.75,22679.44921875,22682.599609375,0
2026-09-29 11:22:00,22682.05078125,22687.099609375,22676.80078125,22682.900390625,0
2026-09-29 11:23:00,22683.150390625,22685.80078125,22677.349609375,22680.849609375,0
2026-09-29 11:24:00,22680.80078125,22680.900390625,22667.19921875,22669.849609375,0
2026-09-29 11:25:00,22670.0,22675.150390625,22668.55078125,22674.55078125,0
2026-09-29 11:26:00,22674.44921875,22678.30078125,22671.55078125,22676.75,0
2026-09-29 11:27:00,22676.80078125,22682.349609375,22672.0,22678.94921875,0
2026-09-29 11:28:00,22678.900390625,22692.69921875,22676.19921875,22688.69921875,0
2026-09-29 11:29:00,22688.599609375,22697.0,22686.55078125,22697.0,0
2026-09-29 11:30:00,22696.650390625,22723.0,22694.099609375,22715.400390625,0
2026-09-29 11:31:00,22715.0,22733.05078125,22714.599609375,22729.80078125,0
2026-09-29 11:32:00,22729.69921875,22730.5,22717.75,22719.69921875,0
2026-09-29 11:33:00,22719.80078125,22730.94921875,22717.5,22725.900390625,0
2026-09-29 11:34:00,22725.80078125,22727.099609375,22717.19921875,22721.150390625,0
2026-09-29 11:35:00,22721.599609375,22723.69921875,22711.099609375,22714.69921875,0
2026-09-29 11:36:00,22714.55078125,22718.69921875,22713.150390625,22715.5,0
2026-09-29 11:37:00,22715.650390625,22716.25,22704.349609375,22712.75,0
2026-09-29 11:38:00,22712.599609375,22712.599609375,22701.849609375,22708.5,0
2026-09-29 11:39:00,22708.19921875,22720.599609375,22708.0,22718.69921875,0
2026-09-29 11:40:00,22718.650390625,22733.849609375,22718.55078125,22724.849609375,0
2026-09-29 11:41:00,22725.099609375,22726.849609375,22721.25,22724.400390625,0
2026-09-29 11:42:00,22724.400390625,22726.650390625,22721.099609375,22721.94921875,0
2026-09-29 11:43:00,22721.900390625,22722.599609375,22709.849609375,22711.349609375,0
2026-09-29 11:44:00,22711.400390625,22724.849609375,22710.75,22719.75,0
2026-09-29 11:45:00,22719.849609375,22722.900390625,22715.69921875,22716.19921875,0
2026-09-29 11:46:00,22716.30078125,22718.849609375,22713.69921875,22713.94921875,0
2026-09-29 11:47:00,22713.80078125,22715.0,22707.05078125,22714.55078125,0
2026-09-29 11:48:00,22714.55078125,22718.69921875,22711.400390625,22715.900390625,0
2026-09-29 11:49:00,22716.0,22725.599609375,22714.30078125,22721.05078125,0
2026-09-29 11:50:00,22720.849609375,22721.94921875,22713.849609375,22714.44921875,0
2026-09-29 11:51:00,22714.44921875,22724.349609375,22712.80078125,22722.75,0
2026-09-29 11:52:00,22722.75,22725.0,22717.599609375,22724.25,0
2026-09-29 11:53:00,22724.19921875,22726.94921875,22716.19921875,22717.5,0
2026-09-29 11:54:00,22717.69921875,22719.900390625,22714.849609375,22714.849609375,0
2026-09-29 11:55:00,22714.849609375,22723.099609375,22714.5,22719.849609375,0
2026-09-29 11:56:00,22720.099609375,22725.80078125,22718.69921875,22719.900390625,0
2026-09-29 11:57:00,22720.150390625,22723.650390625,22719.349609375,22722.44921875,0
2026-09-29 11:58:00,22722.5,22726.900390625,22721.400390625,22723.19921875,0
2026-09-29 11:59:00,22723.30078125,22728.900390625,22722.25,22728.349609375,0
2026-09-29 12:00:00,22728.349609375,22733.44921875,22726.30078125,22732.44921875,0
2026-09-29 12:01:00,22732.80078125,22746.94921875,22732.5,22736.94921875,0
2026-09-29 12:02:00,22736.849609375,22737.400390625,22731.55078125,22735.69921875,0
2026-09-29 12:03:00,22735.849609375,22745.099609375,22735.5,22744.19921875,0
2026-09-29 12:04:00,22744.150390625,22744.94921875,22737.94921875,22742.55078125,0
2026-09-29 12:05:00,22742.650390625,22747.900390625,22741.69921875,22746.0,0
2026-09-29 12:06:00,22745.900390625,22750.30078125,22745.05078125,22745.44921875,0
2026-09-29 12:07:00,22745.400390625,22753.150390625,22745.0,22750.19921875,0
2026-09-29 12:08:00,22750.25,22750.900390625,22746.349609375,22749.349609375,0
2026-09-29 12:09:00,22749.19921875,22749.900390625,22737.94921875,22741.69921875,0
2026-09-29 12:10:00,22741.849609375,22746.5,22740.44921875,22743.94921875,0
2026-09-29 12:11:00,22743.650390625,22747.150390625,22740.400390625,22740.94921875,0
2026-09-29 12:12:00,22740.94921875,22743.849609375,22735.5,22742.150390625,0
2026-09-29 12:13:00,22742.25,22745.150390625,22741.5,22742.69921875,0
2026-09-29 12:14:00,22742.900390625,22746.099609375,22740.349609375,22742.05078125,0
2026-09-29 12:15:00,22741.900390625,22743.80078125,22734.099609375,22739.19921875,0
2026-09-29 12:16:00,22739.0,22741.05078125,22734.19921875,22738.599609375,0
2026-09-29 12:17:00,22738.55078125,22738.55078125,22732.55078125,22736.5,0
2026-09-29 12:18:00,22736.650390625,22736.80078125,22728.25,22731.80078125,0
2026-09-29 12:19:00,22732.099609375,22734.19921875,22729.0,22729.349609375,0
2026-09-29 12:20:00,22729.400390625,22733.0,22719.05078125,22724.05078125,0
2026-09-29 12:21:00,22724.0,22725.30078125,22717.69921875,22718.94921875,0
2026-09-29 12:22:00,22718.5,22719.69921875,22712.75,22719.30078125,0
2026-09-29 12:23:00,22719.30078125,22721.849609375,22717.44921875,22720.44921875,0
2026-09-29 12:24:00,22720.30078125,22721.05078125,22708.55078125,22712.650390625,0
2026-09-29 12:25:00,22712.599609375,22713.75,22706.30078125,22707.75,0
2026-09-29 12:26:00,22707.349609375,22709.150390625,22699.400390625,22700.80078125,0
2026-09-29 12:27:00,22700.650390625,22702.150390625,22675.25,22682.94921875,0
2026-09-29 12:28:00,22683.0,22683.900390625,22672.75,22678.05078125,0
2026-09-29 12:29:00,22678.150390625,22683.30078125,22676.0,22677.400390625,0
2026-09-29 12:30:00,22677.30078125,22679.0,22654.099609375,22661.5,0
2026-09-29 12:31:00,22661.75,22664.30078125,22647.05078125,22652.849609375,0
2026-09-29 12:32:00,22652.849609375,22654.30078125,22627.5,22631.5,0
2026-09-29 12:33:00,22631.650390625,22639.05078125,22628.69921875,22635.150390625,0
2026-09-29 12:34:00,22635.099609375,22651.80078125,22635.099609375,22650.0,0
2026-09-29 12:35:00,22649.849609375,22662.44921875,22649.5,22658.44921875,0
2026-09-29 12:36:00,22658.349609375,22668.05078125,22653.75,22666.55078125,0
2026-09-29 12:37:00,22666.55078125,22671.94921875,22664.94921875,22664.94921875,0
2026-09-29 12:38:00,22664.94921875,22666.75,22658.05078125,22664.55078125,0
2026-09-29 12:39:00,22664.650390625,22674.80078125,22661.150390625,22672.75,0
2026-09-29 12:40:00,22672.650390625,22680.19921875,22672.349609375,22674.80078125,0
2026-09-29 12:41:00,22675.69921875,22698.0,22672.30078125,22693.75,0
2026-09-29 12:42:00,22694.05078125,22694.05078125,22683.75,22683.75,0
2026-09-29 12:43:00,22683.650390625,22685.150390625,22677.099609375,22677.150390625,0
2026-09-29 12:44:00,22677.150390625,22677.44921875,22664.55078125,22669.099609375,0
2026-09-29 12:45:00,22669.099609375,22674.05078125,22666.400390625,22667.80078125,0
2026-09-29 12:46:00,22667.44921875,22670.19921875,22660.75,22662.099609375,0
2026-09-29 12:47:00,22662.099609375,22668.94921875,22656.599609375,22666.44921875,0
2026-09-29 12:48:00,22666.44921875,22675.5,22665.75,22673.94921875,0
2026-09-29 12:49:00,22674.150390625,22678.099609375,22669.5,22671.150390625,0
2026-09-29 12:50:00,22670.44921875,22676.400390625,22668.80078125,22674.25,0
2026-09-29 12:51:00,22674.0,22677.75,22666.55078125,22670.150390625,0
2026-09-29 12:52:00,22669.849609375,22678.0,22669.150390625,22674.19921875,0
2026-09-29 12:53:00,22674.099609375,22680.80078125,22672.849609375,22680.19921875,0
2026-09-29 12:54:00,22679.75,22684.44921875,22676.30078125,22678.599609375,0
2026-09-29 12:55:00,22678.5,22686.05078125,22674.44921875,22684.05078125,0
2026-09-29 12:56:00,22684.099609375,22695.349609375,22682.80078125,22693.849609375,0
2026-09-29 12:57:00,22693.900390625,22705.0,22691.150390625,22698.0,0
2026-09-29 12:58:00,22697.05078125,22698.650390625,22685.75,22688.900390625,0
2026-09-29 12:59:00,22688.849609375,22689.900390625,22685.94921875,22688.099609375,0
2026-09-29 13:00:00,22687.650390625,22690.849609375,22685.150390625,22689.69921875,0
2026-09-29 13:01:00,22689.75,22690.099609375,22680.650390625,22682.900390625,0
2026-09-29 13:02:00,22682.69921875,22687.25,22679.849609375,22680.400390625,0
2026-09-29 13:03:00,22680.94921875,22687.400390625,22676.5,22682.55078125,0
2026-09-29 13:04:00,22682.44921875,22683.69921875,22677.44921875,22678.099609375,0
2026-09-29 13:05:00,22678.349609375,22679.349609375,22674.19921875,22677.44921875,0
2026-09-29 13:06:00,22677.75,22678.75,22673.55078125,22676.099609375,0
2026-09-29 13:07:00,22676.05078125,22680.19921875,22674.849609375,22679.0,0
2026-09-29 13:08:00,22678.94921875,22684.349609375,22678.099609375,22681.349609375,0
2026-09-29 13:09:00,22681.44921875,22703.19921875,22681.349609375,22699.25,0
2026-09-29 13:10:00,22699.25,22699.75,22686.150390625,22691.599609375,0
2026-09-29 13:11:00,22691.650390625,22692.0,22683.5,22685.599609375,0
2026-09-29 13:12:00,22685.599609375,22686.650390625,22679.0,22683.19921875,0
2026-09-29 13:13:00,22683.69921875,22687.599609375,22680.75,22682.599609375,0
2026-09-29 13:14:00,22682.55078125,22685.44921875,22674.75,22682.25,0
2026-09-29 13:15:00,22681.900390625,22683.650390625,22673.0,22675.150390625,0
2026-09-29 13:16:00,22675.05078125,22678.69921875,22673.75,22675.900390625,0
2026-09-29 13:17:00,22675.80078125,22687.44921875,22675.80078125,22682.25,0
2026-09-29 13:18:00,22682.55078125,22684.5,22681.05078125,22683.400390625,0
2026-09-29 13:19:00,22683.400390625,22683.400390625,22669.900390625,22671.150390625,0
2026-09-29 13:20:00,22670.55078125,22671.80078125,22659.30078125,22660.80078125,0
2026-09-29 13:21:00,22660.900390625,22667.75,22659.400390625,22667.0,0
2026-09-29 13:22:00,22667.5,22667.900390625,22658.75,22658.75,0
2026-09-29 13:23:00,22659.400390625,22661.400390625,22654.30078125,22656.0,0
2026-09-29 13:24:00,22656.05078125,22662.19921875,22654.5,22657.69921875,0
2026-09-29 13:25:00,22657.349609375,22667.099609375,22657.0,22666.0,0
2026-09-29 13:26:00,22666.0,22668.44921875,22659.55078125,22661.0,0
2026-09-29 13:27:00,22660.900390625,22663.94921875,22657.5,22658.099609375,0
2026-09-29 13:28:00,22658.05078125,22662.150390625,22650.400390625,22659.94921875,0
2026-09-29 13:29:00,22659.94921875,22661.900390625,22654.5,22658.150390625,0
2026-09-29 13:30:00,22658.30078125,22660.19921875,22652.0,22659.849609375,0
2026-09-29 13:31:00,22659.849609375,22663.0,22656.900390625,22662.5,0
2026-09-29 13:32:00,22662.849609375,22668.55078125,22659.5,22662.599609375,0
2026-09-29 13:33:00,22662.599609375,22662.599609375,22654.30078125,22658.25,0
2026-09-29 13:34:00,22658.25,22660.75,22654.650390625,22655.19921875,0
2026-09-29 13:35:00,22655.25,22656.94921875,22651.44921875,22651.900390625,0
2026-09-29 13:36:00,22651.650390625,22653.69921875,22643.30078125,22645.0,0
2026-09-29 13:37:00,22645.150390625,22646.75,22640.05078125,22645.25,0
2026-09-29 13:38:00,22645.30078125,22646.75,22629.69921875,22632.69921875,0
2026-09-29 13:39:00,22632.30078125,22640.19921875,22629.099609375,22635.5,0
2026-09-29 13:40:00,22635.5,22638.75,22629.94921875,22634.900390625,0
2026-09-29 13:41:00,22634.900390625,22643.599609375,22634.400390625,22638.400390625,0
2026-09-29 13:42:00,22638.30078125,22644.05078125,22636.400390625,22636.69921875,0
2026-09-29 13:43:00,22636.900390625,22644.05078125,22632.44921875,22642.05078125,0
2026-09-29 13:44:00,22642.05078125,22644.849609375,22639.849609375,22642.599609375,0
2026-09-29 13:45:00,22642.849609375,22654.400390625,22641.19921875,22652.55078125,0
2026-09-29 13:46:00,22652.75,22656.400390625,22651.05078125,22653.099609375,0
2026-09-29 13:47:00,22653.25,22660.19921875,22649.94921875,22657.849609375,0
2026-09-29 13:48:00,22657.900390625,22659.30078125,22651.5,22655.05078125,0
2026-09-29 13:49:00,22655.05078125,22659.849609375,22653.94921875,22655.75,0
2026-09-29 13:50:00,22655.80078125,22663.599609375,22654.75,22662.25,0
2026-09-29 13:51:00,22662.150390625,22673.55078125,22662.0,22672.0,0
2026-09-29 13:52:00,22672.0,22675.55078125,22667.599609375,22669.0,0
2026-09-29 13:53:00,22669.099609375,22671.599609375,22663.80078125,22664.650390625,0
2026-09-29 13:54:00,22664.94921875,22666.55078125,22661.94921875,22663.80078125,0
2026-09-29 13:55:00,22664.44921875,22665.599609375,22658.150390625,22660.30078125,0
2026-09-29 13:56:00,22658.94921875,22668.349609375,22658.150390625,22666.599609375,0
2026-09-29 13:57:00,22666.599609375,22670.55078125,22661.75,22664.849609375,0
2026-09-29 13:58:00,22664.599609375,22668.05078125,22660.0,22665.75,0
2026-09-29 13:59:00,22665.900390625,22667.30078125,22661.55078125,22662.900390625,0
2026-09-29 14:00:00,22662.94921875,22668.150390625,22653.349609375,22654.75,0
2026-09-29 14:01:00,22654.75,22660.849609375,22652.849609375,22657.55078125,0
2026-09-29 14:02:00,22657.80078125,22660.400390625,22652.150390625,22655.55078125,0
2026-09-29 14:03:00,22655.80078125,22656.69921875,22647.30078125,22650.69921875,0
2026-09-29 14:04:00,22650.75,22653.05078125,22646.80078125,22647.75,0
2026-09-29 14:05:00,22647.75,22664.650390625,22645.80078125,22661.849609375,0
2026-09-29 14:06:00,22661.75,22662.849609375,22656.44921875,22659.349609375,0
2026-09-29 14:07:00,22659.44921875,22662.44921875,22651.400390625,22654.5,0
2026-09-29 14:08:00,22654.5,22659.849609375,22652.400390625,22657.650390625,0
2026-09-29 14:09:00,22657.650390625,22672.5,22656.400390625,22670.80078125,0
2026-09-29 14:10:00,22670.80078125,22684.150390625,22670.25,22671.900390625,0
2026-09-29 14:11:00,22672.099609375,22674.849609375,22667.5,22672.55078125,0
2026-09-29 14:12:00,22672.55078125,22675.0,22662.650390625,22668.19921875,0
2026-09-29 14:13:00,22668.19921875,22677.30078125,22667.55078125,22675.80078125,0
2026-09-29 14:14:00,22675.80078125,22680.30078125,22670.05078125,22671.55078125,0
2026-09-29 14:15:00,22672.0,22674.80078125,22662.849609375,22672.400390625,0
2026-09-29 14:16:00,22672.94921875,22677.0,22666.349609375,22666.900390625,0
2026-09-29 14:17:00,22667.05078125,22677.599609375,22666.69921875,22676.0,0
2026-09-29 14:18:00,22675.80078125,22684.400390625,22675.099609375,22680.849609375,0
2026-09-29 14:19:00,22681.0,22681.80078125,22674.0,22674.05078125,0
2026-09-29 14:20:00,22674.05078125,22676.900390625,22672.30078125,22674.69921875,0
2026-09-29 14:21:00,22674.69921875,22677.849609375,22673.400390625,22674.80078125,0
2026-09-29 14:22:00,22674.80078125,22676.5,22666.650390625,22667.44921875,0
2026-09-29 14:23:00,22666.94921875,22668.349609375,22658.80078125,22661.099609375,0
2026-09-29 14:24:00,22661.650390625,22666.900390625,22659.75,22660.5,0
2026-09-29 14:25:00,22660.19921875,22671.80078125,22659.599609375,22670.55078125,0
2026-09-29 14:26:00,22670.400390625,22674.25,22667.150390625,22668.69921875,0
2026-09-29 14:27:00,22668.69921875,22670.05078125,22659.900390625,22660.75,0
2026-09-29 14:28:00,22660.80078125,22666.25,22654.150390625,22665.25,0
2026-09-29 14:29:00,22664.80078125,22668.400390625,22663.599609375,22666.69921875,0
2026-09-29 14:30:00,22666.75,22685.94921875,22665.849609375,22685.599609375,0
2026-09-29 14:31:00,22685.650390625,22696.0,22685.0,22690.099609375,0
2026-09-29 14:32:00,22690.650390625,22693.849609375,22687.150390625,22688.099609375,0
2026-09-29 14:33:00,22688.25,22688.25,22666.55078125,22667.099609375,0
2026-09-29 14:34:00,22667.349609375,22674.30078125,22665.94921875,22670.0,0
2026-09-29 14:35:00,22670.0,22681.599609375,22669.099609375,22679.69921875,0
2026-09-29 14:36:00,22679.900390625,22683.0,22677.400390625,22680.099609375,0
2026-09-29 14:37:00,22680.19921875,22681.400390625,22675.75,22676.400390625,0
2026-09-29 14:38:00,22677.150390625,22681.400390625,22675.25,22677.650390625,0
2026-09-29 14:39:00,22677.80078125,22684.25,22677.75,22679.44921875,0
2026-09-29 14:40:00,22679.80078125,22680.55078125,22676.69921875,22680.05078125,0
2026-09-29 14:41:00,22680.19921875,22685.5,22676.900390625,22681.099609375,0
2026-09-29 14:42:00,22680.599609375,22682.099609375,22669.19921875,22674.5,0
2026-09-29 14:43:00,22673.75,22680.900390625,22671.44921875,22674.849609375,0
2026-09-29 14:44:00,22674.69921875,22676.349609375,22671.94921875,22673.25,0
2026-09-29 14:45:00,22673.150390625,22673.349609375,22662.349609375,22671.400390625,0
2026-09-29 14:46:00,22671.44921875,22672.400390625,22666.599609375,22670.30078125,0
2026-09-29 14:47:00,22670.650390625,22673.400390625,22668.599609375,22670.0,0
2026-09-29 14:48:00,22670.5,22675.099609375,22669.25,22673.55078125,0
2026-09-29 14:49:00,22673.849609375,22677.30078125,22671.150390625,22672.349609375,0
2026-09-29 14:50:00,22672.150390625,22675.150390625,22667.30078125,22672.5,0
2026-09-29 14:51:00,22672.55078125,22680.0,22671.5,22677.55078125,0
2026-09-29 14:52:00,22677.650390625,22685.349609375,22675.650390625,22683.150390625,0
2026-09-29 14:53:00,22683.650390625,22688.0,22682.69921875,22683.900390625,0
2026-09-29 14:54:00,22684.150390625,22689.25,22682.400390625,22686.25,0
2026-09-29 14:55:00,22686.849609375,22691.650390625,22685.44921875,22688.75,0
2026-09-29 14:56:00,22688.650390625,22692.5,22684.349609375,22684.849609375,0
2026-09-29 14:57:00,22685.0,22685.94921875,22679.80078125,22681.30078125,0
2026-09-29 14:58:00,22681.44921875,22682.400390625,22675.69921875,22676.19921875,0
2026-09-29 14:59:00,22676.5,22680.150390625,22671.900390625,22673.900390625,0
2026-09-29 15:00:00,22673.25,22680.0,22666.650390625,22676.30078125,0
2026-09-29 15:01:00,22675.19921875,22677.349609375,22664.30078125,22664.80078125,0
2026-09-29 15:02:00,22664.099609375,22667.099609375,22661.400390625,22664.900390625,0
2026-09-29 15:03:00,22664.349609375,22670.150390625,22662.19921875,22664.94921875,0
2026-09-29 15:04:00,22663.69921875,22667.599609375,22661.650390625,22664.400390625,0
2026-09-29 15:05:00,22663.349609375,22679.400390625,22662.94921875,22677.94921875,0
2026-09-29 15:06:00,22676.150390625,22687.599609375,22675.75,22686.599609375,0
2026-09-29 15:07:00,22687.099609375,22687.80078125,22681.0,22684.650390625,0
2026-09-29 15:08:00,22684.900390625,22690.5,22681.400390625,22684.19921875,0
2026-09-29 15:09:00,22684.400390625,22693.0,22679.599609375,22689.80078125,0
2026-09-29 15:10:00,22690.25,22706.099609375,22689.0,22703.19921875,0
2026-09-29 15:11:00,22703.05078125,22703.69921875,22696.650390625,22702.25,0
2026-09-29 15:12:00,22701.349609375,22703.80078125,22689.25,22694.349609375,0
2026-09-29 15:13:00,22694.400390625,22695.80078125,22689.150390625,22692.5,0
2026-09-29 15:14:00,22694.19921875,22694.19921875,22678.599609375,22680.900390625,0
2026-09-29 15:15:00,22683.75,22683.75,22683.75,22683.75,0
2026-09-29 15:16:00,22683.75,22683.75,22683.75,22683.75,0
2026-09-29 15:17:00,22683.75,22683.75,22683.75,22683.75,0
2026-09-29 15:18:00,22683.75,22683.75,22683.75,22683.75,0
2026-09-29 15:19:00,22683.75,22683.75,22683.75,22683.75,0
2026-09-29 15:20:00,22683.75,22683.75,22683.75,22683.75,0
2026-09-29 15:21:00,22683.75,22683.75,22683.75,22683.75,0
2026-09-29 15:22:00,22683.75,22683.75,22683.75,22683.75,0
2026-09-29 15:23:00,22683.75,22683.75,22683.75,22683.75,0
2026-09-29 15:24:00,22683.75,22683.75,22683.75,22683.75,0
2026-09-29 15:25:00,22683.75,22683.75,22683.75,22683.75,0
2026-09-29 15:26:00,22683.75,22683.75,22683.75,22683.75,0
2026-09-29 15:27:00,22683.75,22683.75,22683.75,22683.75,0
2026-09-29 15:28:00,22683.75,22683.75,22683.75,22683.75,0
2026-09-29 15:29:00,22683.75,22716.19921875,22683.75,22716.19921875,0
2026-09-30 09:15:00,22664.94921875,22718.400390625,22660.599609375,22667.75,0
2026-09-30 09:16:00,22668.650390625,22682.5,22662.69921875,22676.19921875,0
2026-09-30 09:17:00,22676.599609375,22685.650390625,22672.349609375,22683.05078125,0
2026-09-30 09:18:00,22684.0,22698.400390625,22680.30078125,22688.44921875,0
2026-09-30 09:19:00,22689.19921875,22706.400390625,22686.900390625,22702.69921875,0
2026-09-30 09:20:00,22702.849609375,22722.80078125,22701.25,22720.349609375,0
2026-09-30 09:21:00,22720.0,22728.55078125,22713.94921875,22718.099609375,0
2026-09-30 09:22:00,22718.400390625,22719.599609375,22697.19921875,22697.30078125,0
2026-09-30 09:23:00,22697.849609375,22724.55078125,22697.80078125,22721.75,0
2026-09-30 09:24:00,22721.0,22733.349609375,22720.349609375,22727.94921875,0
2026-09-30 09:25:00,22727.80078125,22730.849609375,22714.849609375,22714.900390625,0
2026-09-30 09:26:00,22715.55078125,22734.44921875,22714.44921875,22733.05078125,0
2026-09-30 09:27:00,22733.099609375,22736.44921875,22727.05078125,22732.099609375,0
2026-09-30 09:28:00,22732.19921875,22736.19921875,22729.150390625,22729.349609375,0
2026-09-30 09:29:00,22729.44921875,22731.650390625,22721.599609375,22721.650390625,0
2026-09-30 09:30:00,22720.400390625,22720.400390625,22698.650390625,22699.75,0
2026-09-30 09:31:00,22699.80078125,22703.25,22690.900390625,22696.150390625,0
2026-09-30 09:32:00,22696.05078125,22703.30078125,22694.55078125,22698.75,0
2026-09-30 09:33:00,22699.150390625,22699.5,22681.150390625,22683.19921875,0
2026-09-30 09:34:00,22682.900390625,22692.05078125,22682.599609375,22690.0,0
2026-09-30 09:35:00,22690.05078125,22705.150390625,22689.30078125,22700.900390625,0
2026-09-30 09:36:00,22700.80078125,22704.25,22687.0,22688.5,0
2026-09-30 09:37:00,22688.599609375,22697.94921875,22686.69921875,22694.44921875,0
2026-09-30 09:38:00,22694.849609375,22698.05078125,22691.19921875,22693.19921875,0
2026-09-30 09:39:00,22693.30078125,22697.19921875,22688.0,22688.0,0
2026-09-30 09:40:00,22687.900390625,22694.19921875,22685.150390625,22686.69921875,0
2026-09-30 09:41:00,22686.849609375,22698.80078125,22686.650390625,22696.849609375,0
2026-09-30 09:42:00,22697.0,22708.30078125,22696.349609375,22706.0,0
2026-09-30 09:43:00,22706.0,22714.75,22706.0,22709.69921875,0
2026-09-30 09:44:00,22709.650390625,22715.400390625,22706.849609375,22715.150390625,0
2026-09-30 09:45:00,22714.94921875,22729.150390625,22714.94921875,22727.150390625,0
2026-09-30 09:46:00,22727.349609375,22729.150390625,22719.94921875,22721.849609375,0
2026-09-30 09:47:00,22722.099609375,22723.19921875,22707.55078125,22708.44921875,0
2026-09-30 09:48:00,22708.19921875,22715.69921875,22704.55078125,22711.94921875,0
2026-09-30 09:49:00,22711.849609375,22712.0,22701.69921875,22702.099609375,0
2026-09-30 09:50:00,22702.30078125,22707.150390625,22701.599609375,22705.599609375,0
2026-09-30 09:51:00,22705.900390625,22706.900390625,22701.099609375,22702.55078125,0
2026-09-30 09:52:00,22702.5,22703.5,22692.099609375,22692.80078125,0
2026-09-30 09:53:00,22693.0,22711.150390625,22689.099609375,22710.05078125,0
2026-09-30 09:54:00,22709.94921875,22720.5,22708.94921875,22719.650390625,0
2026-09-30 09:55:00,22719.55078125,22729.599609375,22719.150390625,22719.349609375,0
2026-09-30 09:56:00,22719.0,22728.80078125,22719.0,22727.150390625,0
2026-09-30 09:57:00,22726.44921875,22727.44921875,22719.30078125,22724.099609375,0
2026-09-30 09:58:00,22724.05078125,22733.150390625,22723.19921875,22732.19921875,0
2026-09-30 09:59:00,22732.25,22735.349609375,22722.30078125,22722.30078125,0
2026-09-30 10:00:00,22722.25,22724.55078125,22716.650390625,22722.099609375,0
2026-09-30 10:01:00,22722.150390625,22724.099609375,22719.599609375,22723.05078125,0
2026-09-30 10:02:00,22723.69921875,22727.349609375,22723.44921875,22725.849609375,0
2026-09-30 10:03:00,22725.44921875,22731.599609375,22723.75,22724.150390625,0
2026-09-30 10:04:00,22724.150390625,22733.900390625,22723.849609375,22730.099609375,0
2026-09-30 10:05:00,22730.0,22743.400390625,22729.30078125,22742.80078125,0
2026-09-30 10:06:00,22742.900390625,22746.80078125,22738.44921875,22738.94921875,0
2026-09-30 10:07:00,22739.150390625,22741.5,22735.75,22740.55078125,0
2026-09-30 10:08:00,22740.599609375,22743.19921875,22734.099609375,22735.099609375,0
2026-09-30 10:09:00,22734.650390625,22741.849609375,22734.599609375,22739.0,0
2026-09-30 10:10:00,22739.099609375,22744.44921875,22738.55078125,22743.75,0
2026-09-30 10:11:00,22744.05078125,22749.400390625,22742.44921875,22742.80078125,0
2026-09-30 10:12:00,22742.75,22747.5,22742.55078125,22745.69921875,0
2026-09-30 10:13:00,22746.05078125,22748.75,22744.900390625,22745.849609375,0
2026-09-30 10:14:00,22745.94921875,22755.75,22745.55078125,22755.19921875,0
2026-09-30 10:15:00,22754.80078125,22758.849609375,22753.099609375,22753.5,0
2026-09-30 10:16:00,22753.55078125,22761.650390625,22753.0,22756.599609375,0
2026-09-30 10:17:00,22757.150390625,22760.55078125,22754.099609375,22755.150390625,0
2026-09-30 10:18:00,22755.150390625,22759.349609375,22754.5,22758.099609375,0
2026-09-30 10:19:00,22757.5,22759.650390625,22753.599609375,22757.94921875,0
2026-09-30 10:20:00,22757.849609375,22765.0,22757.349609375,22763.94921875,0
2026-09-30 10:21:00,22764.25,22769.400390625,22764.099609375,22767.30078125,0
2026-09-30 10:22:00,22767.400390625,22767.849609375,22762.75,22766.400390625,0
2026-09-30 10:23:00,22766.349609375,22771.80078125,22761.05078125,22761.69921875,0
2026-09-30 10:24:00,22762.099609375,22762.099609375,22757.099609375,22759.25,0
2026-09-30 10:25:00,22759.30078125,22762.150390625,22755.94921875,22760.400390625,0
2026-09-30 10:26:00,22760.19921875,22766.5,22759.0,22766.30078125,0
2026-09-30 10:27:00,22765.75,22770.69921875,22760.0,22760.849609375,0
2026-09-30 10:28:00,22760.650390625,22764.150390625,22759.25,22763.05078125,0
2026-09-30 10:29:00,22762.900390625,22763.599609375,22757.150390625,22758.099609375,0
2026-09-30 10:30:00,22757.25,22757.69921875,22746.599609375,22747.5,0
2026-09-30 10:31:00,22747.75,22752.30078125,22743.05078125,22743.05078125,0
2026-09-30 10:32:00,22743.099609375,22743.099609375,22734.44921875,22735.599609375,0
2026-09-30 10:33:00,22735.80078125,22737.400390625,22718.94921875,22719.0,0
2026-09-30 10:34:00,22718.75,22722.75,22708.55078125,22713.80078125,0
2026-09-30 10:35:00,22714.150390625,22714.150390625,22702.05078125,22706.25,0
2026-09-30 10:36:00,22705.75,22716.900390625,22704.849609375,22712.05078125,0
2026-09-30 10:37:00,22712.0,22713.25,22704.44921875,22713.05078125,0
2026-09-30 10:38:00,22713.05078125,22724.55078125,22710.650390625,22722.94921875,0
2026-09-30 10:39:00,22722.94921875,22724.5,22719.0,22723.75,0
2026-09-30 10:40:00,22723.849609375,22729.05078125,22717.400390625,22718.05078125,0
2026-09-30 10:41:00,22717.75,22718.099609375,22706.900390625,22707.75,0
2026-09-30 10:42:00,22707.69921875,22710.900390625,22706.150390625,22709.650390625,0
2026-09-30 10:43:00,22709.599609375,22714.349609375,22706.44921875,22706.900390625,0
2026-09-30 10:44:00,22706.94921875,22707.150390625,22698.099609375,22702.75,0
2026-09-30 10:45:00,22702.94921875,22705.599609375,22700.650390625,22702.69921875,0
2026-09-30 10:46:00,22702.650390625,22703.099609375,22698.349609375,22698.900390625,0
2026-09-30 10:47:00,22698.900390625,22704.80078125,22697.25,22704.30078125,0
2026-09-30 10:48:00,22704.30078125,22711.19921875,22703.44921875,22705.099609375,0
2026-09-30 10:49:00,22705.05078125,22709.400390625,22701.0,22708.650390625,0
2026-09-30 10:50:00,22708.69921875,22711.5,22706.75,22707.80078125,0
2026-09-30 10:51:00,22707.849609375,22718.900390625,22707.849609375,22716.650390625,0
2026-09-30 10:52:00,22716.55078125,22718.599609375,22708.400390625,22709.80078125,0
2026-09-30 10:53:00,22709.75,22715.19921875,22709.25,22713.650390625,0
2026-09-30 10:54:00,22713.80078125,22716.900390625,22711.849609375,22713.349609375,0
2026-09-30 10:55:00,22713.349609375,22715.30078125,22708.0,22709.19921875,0
2026-09-30 10:56:00,22709.150390625,22709.349609375,22701.900390625,22701.900390625,0
2026-09-30 10:57:00,22702.0,22702.25,22694.55078125,22695.150390625,0
2026-09-30 10:58:00,22695.400390625,22700.099609375,22694.0,22694.69921875,0
2026-09-30 10:59:00,22694.400390625,22695.80078125,22685.650390625,22687.900390625,0
2026-09-30 11:00:00,22687.94921875,22702.19921875,22686.30078125,22701.55078125,0
2026-09-30 11:01:00,22701.5,22717.94921875,22700.80078125,22717.19921875,0
2026-09-30 11:02:00,22717.55078125,22729.94921875,22717.0,22726.5,0
2026-09-30 11:03:00,22726.400390625,22726.849609375,22722.19921875,22724.099609375,0
2026-09-30 11:04:00,22723.94921875,22725.94921875,22721.05078125,22723.55078125,0
2026-09-30 11:05:00,22723.55078125,22724.30078125,22717.25,22718.349609375,0
2026-09-30 11:06:00,22718.19921875,22721.900390625,22716.650390625,22716.849609375,0
2026-09-30 11:07:00,22716.900390625,22723.849609375,22715.349609375,22715.650390625,0
2026-09-30 11:08:00,22715.75,22721.94921875,22715.5,22717.599609375,0
2026-09-30 11:09:00,22717.599609375,22720.94921875,22707.19921875,22709.55078125,0
2026-09-30 11:10:00,22709.849609375,22713.94921875,22709.849609375,22712.19921875,0
2026-09-30 11:11:00,22711.80078125,22713.25,22701.25,22703.849609375,0
2026-09-30 11:12:00,22703.650390625,22705.44921875,22700.599609375,22701.69921875,0
2026-09-30 11:13:00,22701.599609375,22703.599609375,22694.5,22694.900390625,0
2026-09-30 11:14:00,22694.75,22696.19921875,22689.30078125,22689.44921875,0
2026-09-30 11:15:00,22689.5,22690.650390625,22670.599609375,22673.69921875,0
2026-09-30 11:16:00,22674.19921875,22678.0,22670.80078125,22673.0,0
2026-09-30 11:17:00,22672.849609375,22673.05078125,22667.099609375,22667.30078125,0
2026-09-30 11:18:00,22667.30078125,22679.400390625,22666.05078125,22677.5,0
2026-09-30 11:19:00,22677.650390625,22685.900390625,22677.650390625,22680.349609375,0
2026-09-30 11:20:00,22680.5,22686.25,22679.69921875,22685.150390625,0
2026-09-30 11:21:00,22685.19921875,22688.0,22677.150390625,22677.69921875,0
2026-09-30 11:22:00,22677.25,22686.099609375,22677.25,22679.05078125,0
2026-09-30 11:23:00,22678.75,22683.349609375,22677.94921875,22679.599609375,0
2026-09-30 11:24:00,22680.5,22683.19921875,22678.94921875,22680.650390625,0
2026-09-30 11:25:00,22681.05078125,22686.69921875,22680.69921875,22685.25,0
2026-09-30 11:26:00,22685.650390625,22688.650390625,22681.25,22685.650390625,0
2026-09-30 11:27:00,22685.400390625,22693.19921875,22685.150390625,22690.75,0
2026-09-30 11:28:00,22690.5,22702.55078125,22690.19921875,22701.5,0
2026-09-30 11:29:00,22701.400390625,22706.75,22698.900390625,22700.349609375,0
2026-09-30 11:30:00,22700.0,22709.80078125,22694.69921875,22708.0,0
2026-09-30 11:31:00,22707.900390625,22710.80078125,22702.400390625,22706.150390625,0
2026-09-30 11:32:00,22705.5,22709.900390625,22704.44921875,22708.0,0
2026-09-30 11:33:00,22708.0,22711.5,22702.80078125,22705.44921875,0
2026-09-30 11:34:00,22705.25,22711.44921875,22705.25,22711.150390625,0
2026-09-30 11:35:00,22710.900390625,22719.0,22710.099609375,22713.80078125,0
2026-09-30 11:36:00,22714.099609375,22714.849609375,22711.150390625,22712.25,0
2026-09-30 11:37:00,22712.44921875,22717.25,22711.30078125,22716.80078125,0
2026-09-30 11:38:00,22716.75,22721.5,22716.099609375,22716.5,0
2026-09-30 11:39:00,22716.349609375,22717.400390625,22702.849609375,22704.0,0
2026-09-30 11:40:00,22704.30078125,22706.650390625,22699.400390625,22703.099609375,0
2026-09-30 11:41:00,22703.099609375,22704.099609375,22698.30078125,22699.900390625,0
2026-09-30 11:42:00,22699.849609375,22709.849609375,22698.69921875,22706.599609375,0
2026-09-30 11:43:00,22706.599609375,22713.099609375,22705.400390625,22710.30078125,0
2026-09-30 11:44:00,22710.349609375,22711.400390625,22706.5,22707.849609375,0
2026-09-30 11:45:00,22707.849609375,22709.30078125,22704.69921875,22705.69921875,0
2026-09-30 11:46:00,22704.80078125,22709.400390625,22704.5,22709.349609375,0
2026-09-30 11:47:00,22709.25,22715.30078125,22708.400390625,22714.400390625,0
2026-09-30 11:48:00,22714.5,22718.05078125,22712.30078125,22715.150390625,0
2026-09-30 11:49:00,22715.05078125,22718.400390625,22712.55078125,22716.75,0
2026-09-30 11:50:00,22716.650390625,22720.05078125,22715.650390625,22718.25,0
2026-09-30 11:51:00,22717.900390625,22718.849609375,22715.150390625,22716.25,0
2026-09-30 11:52:00,22716.25,22718.44921875,22714.30078125,22715.55078125,0
2026-09-30 11:53:00,22715.75,22717.69921875,22712.30078125,22716.099609375,0
2026-09-30 11:54:00,22716.25,22718.44921875,22712.650390625,22716.75,0
2026-09-30 11:55:00,22716.5,22722.650390625,22715.05078125,22722.099609375,0
2026-09-30 11:56:00,22722.099609375,22730.599609375,22721.69921875,22729.849609375,0
2026-09-30 11:57:00,22729.80078125,22732.650390625,22728.099609375,22728.099609375,0
2026-09-30 11:58:00,22728.099609375,22732.650390625,22725.0,22729.69921875,0
2026-09-30 11:59:00,22729.69921875,22740.25,22729.349609375,22737.0,0
2026-09-30 12:00:00,22737.099609375,22743.849609375,22735.25,22740.55078125,0
2026-09-30 12:01:00,22740.55078125,22744.349609375,22740.05078125,22742.25,0
2026-09-30 12:02:00,22742.19921875,22744.75,22739.5,22743.80078125,0
2026-09-30 12:03:00,22743.19921875,22748.30078125,22743.19921875,22747.599609375,0
2026-09-30 12:04:00,22747.44921875,22747.44921875,22741.55078125,22741.55078125,0
2026-09-30 12:05:00,22741.650390625,22742.19921875,22732.099609375,22733.349609375,0
2026-09-30 12:06:00,22732.75,22735.69921875,22731.349609375,22735.0,0
2026-09-30 12:07:00,22735.05078125,22736.0,22732.150390625,22734.69921875,0
2026-09-30 12:08:00,22734.75,22742.349609375,22734.05078125,22739.94921875,0
2026-09-30 12:09:00,22739.599609375,22743.599609375,22738.80078125,22741.55078125,0
2026-09-30 12:10:00,22741.44921875,22745.19921875,22740.5,22743.44921875,0
2026-09-30 12:11:00,22743.150390625,22743.150390625,22717.75,22719.849609375,0
2026-09-30 12:12:00,22719.599609375,22730.69921875,22713.44921875,22728.900390625,0
2026-09-30 12:13:00,22729.150390625,22730.44921875,22722.25,22725.349609375,0
2026-09-30 12:14:00,22725.349609375,22726.19921875,22719.849609375,22721.400390625,0
2026-09-30 12:15:00,22721.19921875,22721.19921875,22711.05078125,22712.25,0
2026-09-30 12:16:00,22712.599609375,22719.349609375,22707.55078125,22719.349609375,0
2026-09-30 12:17:00,22719.5,22722.05078125,22718.150390625,22718.94921875,0
2026-09-30 12:18:00,22718.94921875,22719.75,22712.30078125,22714.900390625,0
2026-09-30 12:19:00,22714.349609375,22719.099609375,22712.30078125,22717.69921875,0
2026-09-30 12:20:00,22718.0,22721.900390625,22717.05078125,22721.349609375,0
2026-09-30 12:21:00,22721.099609375,22735.25,22720.25,22729.30078125,0
2026-09-30 12:22:00,22729.30078125,22751.25,22727.75,22750.75,0
2026-09-30 12:23:00,22750.44921875,22763.0,22749.900390625,22762.30078125,0
2026-09-30 12:24:00,22762.30078125,22765.69921875,22755.55078125,22755.55078125,0
2026-09-30 12:25:00,22755.05078125,22758.44921875,22754.55078125,22756.599609375,0
2026-09-30 12:26:00,22756.650390625,22761.0,22755.400390625,22760.05078125,0
2026-09-30 12:27:00,22759.75,22760.599609375,22748.80078125,22752.400390625,0
2026-09-30 12:28:00,22752.5,22760.599609375,22751.099609375,22759.55078125,0
2026-09-30 12:29:00,22759.55078125,22760.44921875,22748.849609375,22749.19921875,0
2026-09-30 12:30:00,22749.0,22754.30078125,22746.5,22753.5,0
2026-09-30 12:31:00,22753.5,22760.25,22753.0,22760.25,0
2026-09-30 12:32:00,22759.849609375,22762.80078125,22759.30078125,22760.349609375,0
2026-09-30 12:33:00,22760.19921875,22764.69921875,22759.30078125,22761.80078125,0
2026-09-30 12:34:00,22762.75,22769.099609375,22761.599609375,22768.30078125,0
2026-09-30 12:35:00,22768.150390625,22776.0,22768.150390625,22771.75,0
2026-09-30 12:36:00,22772.400390625,22775.94921875,22771.349609375,22774.5,0
2026-09-30 12:37:00,22774.599609375,22781.0,22773.05078125,22778.55078125,0
2026-09-30 12:38:00,22778.599609375,22788.94921875,22778.599609375,22787.099609375,0
2026-09-30 12:39:00,22787.349609375,22789.650390625,22775.349609375,22775.55078125,0
2026-09-30 12:40:00,22775.69921875,22779.0,22775.05078125,22777.400390625,0
2026-09-30 12:41:00,22777.900390625,22778.44921875,22769.0,22773.099609375,0
2026-09-30 12:42:00,22772.94921875,22774.80078125,22771.25,22774.30078125,0
2026-09-30 12:43:00,22774.5,22775.05078125,22769.5,22770.849609375,0
2026-09-30 12:44:00,22770.55078125,22776.0,22769.849609375,22772.599609375,0
2026-09-30 12:45:00,22772.349609375,22780.19921875,22772.30078125,22776.75,0
2026-09-30 12:46:00,22776.849609375,22801.05078125,22776.05078125,22800.150390625,0
2026-09-30 12:47:00,22799.94921875,22804.80078125,22797.75,22798.599609375,0
2026-09-30 12:48:00,22798.849609375,22809.30078125,22797.0,22808.349609375,0
2026-09-30 12:49:00,22808.400390625,22809.30078125,22795.55078125,22795.75,0
2026-09-30 12:50:00,22795.849609375,22797.849609375,22789.599609375,22792.80078125,0
2026-09-30 12:51:00,22792.650390625,22796.0,22787.0,22795.55078125,0
2026-09-30 12:52:00,22795.5,22796.05078125,22786.05078125,22792.900390625,0
2026-09-30 12:53:00,22792.650390625,22795.150390625,22790.30078125,22793.150390625,0
2026-09-30 12:54:00,22793.349609375,22796.19921875,22789.55078125,22790.400390625,0
2026-09-30 12:55:00,22790.5,22793.400390625,22787.849609375,22789.55078125,0
2026-09-30 12:56:00,22789.5,22796.30078125,22788.150390625,22794.650390625,0
2026-09-30 12:57:00,22795.19921875,22796.69921875,22792.5,22792.80078125,0
2026-09-30 12:58:00,22795.0,22795.0,22781.150390625,22785.75,0
2026-09-30 12:59:00,22785.69921875,22793.150390625,22785.349609375,22788.599609375,0
2026-09-30 13:00:00,22788.69921875,22793.25,22787.5,22792.650390625,0
2026-09-30 13:01:00,22792.44921875,22795.44921875,22789.25,22794.099609375,0
2026-09-30 13:02:00,22793.94921875,22794.650390625,22789.55078125,22791.69921875,0
2026-09-30 13:03:00,22791.599609375,22793.900390625,22788.650390625,22790.19921875,0
2026-09-30 13:04:00,22789.349609375,22790.0,22785.30078125,22786.80078125,0
2026-09-30 13:05:00,22786.75,22789.19921875,22784.94921875,22787.55078125,0
2026-09-30 13:06:00,22787.80078125,22792.400390625,22787.05078125,22789.099609375,0
2026-09-30 13:07:00,22788.650390625,22790.5,22787.349609375,22788.94921875,0
2026-09-30 13:08:00,22788.900390625,22791.900390625,22788.150390625,22790.25,0
2026-09-30 13:09:00,22790.30078125,22794.69921875,22789.80078125,22791.5,0
2026-09-30 13:10:00,22790.55078125,22793.19921875,22789.44921875,22791.849609375,0
2026-09-30 13:11:00,22791.900390625,22792.94921875,22786.5,22788.349609375,0
2026-09-30 13:12:00,22787.849609375,22789.55078125,22783.849609375,22785.349609375,0
2026-09-30 13:13:00,22785.599609375,22786.80078125,22781.349609375,22782.400390625,0
2026-09-30 13:14:00,22782.599609375,22783.25,22775.69921875,22778.44921875,0
2026-09-30 13:15:00,22778.30078125,22785.349609375,22778.05078125,22783.30078125,0
2026-09-30 13:16:00,22783.400390625,22787.30078125,22782.25,22783.400390625,0
2026-09-30 13:17:00,22783.400390625,22787.25,22783.05078125,22785.150390625,0
2026-09-30 13:18:00,22784.55078125,22785.5,22778.69921875,22781.30078125,0
2026-09-30 13:19:00,22781.5,22782.44921875,22776.94921875,22778.5,0
2026-09-30 13:20:00,22778.0,22779.30078125,22775.099609375,22777.150390625,0
2026-09-30 13:21:00,22777.150390625,22780.44921875,22776.150390625,22779.5,0
2026-09-30 13:22:00,22779.25,22783.650390625,22777.650390625,22781.94921875,0
2026-09-30 13:23:00,22782.349609375,22785.349609375,22781.05078125,22784.400390625,0
2026-09-30 13:24:00,22783.5,22785.69921875,22781.650390625,22785.19921875,0
2026-09-30 13:25:00,22785.30078125,22788.69921875,22781.400390625,22781.849609375,0
2026-09-30 13:26:00,22779.0,22784.94921875,22779.0,22782.75,0
2026-09-30 13:27:00,22782.94921875,22787.150390625,22782.05078125,22786.19921875,0
2026-09-30 13:28:00,22786.400390625,22787.30078125,22781.25,22783.25,0
2026-09-30 13:29:00,22783.650390625,22784.75,22772.19921875,22774.75,0
2026-09-30 13:30:00,22774.80078125,22778.55078125,22771.94921875,22776.849609375,0
2026-09-30 13:31:00,22776.650390625,22787.349609375,22774.150390625,22787.349609375,0
2026-09-30 13:32:00,22787.099609375,22788.5,22780.0,22780.69921875,0
2026-09-30 13:33:00,22780.80078125,22784.25,22779.75,22781.44921875,0
2026-09-30 13:34:00,22781.849609375,22784.0,22776.150390625,22777.5,0
2026-09-30 13:35:00,22777.150390625,22777.849609375,22772.0,22772.19921875,0
2026-09-30 13:36:00,22772.30078125,22772.400390625,22765.55078125,22766.75,0
2026-09-30 13:37:00,22766.5,22770.05078125,22759.75,22765.19921875,0
2026-09-30 13:38:00,22765.30078125,22766.25,22761.19921875,22763.650390625,0
2026-09-30 13:39:00,22764.0,22764.349609375,22755.599609375,22757.05078125,0
2026-09-30 13:40:00,22757.05078125,22757.349609375,22750.900390625,22752.44921875,0
2026-09-30 13:41:00,22752.05078125,22752.80078125,22739.900390625,22742.849609375,0
2026-09-30 13:42:00,22742.94921875,22751.099609375,22742.150390625,22749.69921875,0
2026-09-30 13:43:00,22749.099609375,22752.05078125,22740.5,22740.55078125,0
2026-09-30 13:44:00,22740.80078125,22741.30078125,22726.150390625,22726.25,0
2026-09-30 13:45:00,22726.30078125,22726.94921875,22714.849609375,22720.099609375,0
2026-09-30 13:46:00,22719.94921875,22726.0,22719.849609375,22721.400390625,0
2026-09-30 13:47:00,22721.25,22726.30078125,22718.75,22723.55078125,0
2026-09-30 13:48:00,22723.349609375,22728.44921875,22723.349609375,22724.75,0
2026-09-30 13:49:00,22724.650390625,22728.349609375,22719.900390625,22721.099609375,0
2026-09-30 13:50:00,22721.19921875,22725.5,22717.099609375,22724.69921875,0
2026-09-30 13:51:00,22724.75,22731.30078125,22724.5,22729.650390625,0
2026-09-30 13:52:00,22729.55078125,22732.55078125,22717.900390625,22718.75,0
2026-09-30 13:53:00,22719.150390625,22725.5,22718.19921875,22720.25,0
2026-09-30 13:54:00,22720.69921875,22730.0,22720.400390625,22726.5,0
2026-09-30 13:55:00,22726.25,22736.94921875,22726.25,22735.05078125,0
2026-09-30 13:56:00,22734.849609375,22740.349609375,22734.69921875,22736.69921875,0
2026-09-30 13:57:00,22736.55078125,22744.400390625,22736.400390625,22743.400390625,0
2026-09-30 13:58:00,22743.30078125,22750.44921875,22743.150390625,22747.150390625,0
2026-09-30 13:59:00,22747.099609375,22749.19921875,22735.19921875,22735.25,0
2026-09-30 14:00:00,22735.0,22737.94921875,22725.099609375,22725.94921875,0
2026-09-30 14:01:00,22725.599609375,22731.80078125,22725.349609375,22729.69921875,0
2026-09-30 14:02:00,22729.30078125,22736.55078125,22729.30078125,22729.900390625,0
2026-09-30 14:03:00,22729.900390625,22736.349609375,22729.900390625,22735.55078125,0
2026-09-30 14:04:00,22734.55078125,22740.80078125,22734.55078125,22737.25,0
2026-09-30 14:05:00,22737.0,22740.099609375,22734.900390625,22736.5,0
2026-09-30 14:06:00,22737.099609375,22741.650390625,22736.44921875,22739.05078125,0
2026-09-30 14:07:00,22739.19921875,22739.650390625,22730.94921875,22733.0,0
2026-09-30 14:08:00,22732.900390625,22735.69921875,22729.599609375,22734.69921875,0
2026-09-30 14:09:00,22734.599609375,22734.599609375,22726.150390625,22726.400390625,0
2026-09-30 14:10:00,22725.80078125,22728.55078125,22723.099609375,22723.099609375,0
2026-09-30 14:11:00,22723.05078125,22725.599609375,22719.94921875,22722.69921875,0
2026-09-30 14:12:00,22722.30078125,22723.30078125,22715.44921875,22715.69921875,0
2026-09-30 14:13:00,22715.05078125,22717.25,22710.30078125,22710.30078125,0
2026-09-30 14:14:00,22710.150390625,22713.599609375,22707.599609375,22708.44921875,0
2026-09-30 14:15:00,22708.349609375,22709.650390625,22701.5,22702.05078125,0
2026-09-30 14:16:00,22702.099609375,22708.44921875,22702.099609375,22705.349609375,0
2026-09-30 14:17:00,22705.900390625,22709.650390625,22704.69921875,22706.55078125,0
2026-09-30 14:18:00,22706.55078125,22708.900390625,22704.75,22705.30078125,0
2026-09-30 14:19:00,22707.44921875,22708.349609375,22704.94921875,22705.80078125,0
2026-09-30 14:20:00,22705.80078125,22709.900390625,22703.05078125,22707.349609375,0
2026-09-30 14:21:00,22706.650390625,22708.25,22693.0,22693.69921875,0
2026-09-30 14:22:00,22694.30078125,22698.650390625,22692.05078125,22692.30078125,0
2026-09-30 14:23:00,22692.0,22693.599609375,22664.5,22666.30078125,0
2026-09-30 14:24:00,22666.05078125,22677.19921875,22664.650390625,22664.849609375,0
2026-09-30 14:25:00,22664.75,22672.5,22664.75,22666.5,0
2026-09-30 14:26:00,22666.0,22668.69921875,22658.94921875,22659.05078125,0
2026-09-30 14:27:00,22660.0,22660.94921875,22652.75,22654.150390625,0
2026-09-30 14:28:00,22653.80078125,22655.30078125,22641.5,22642.69921875,0
2026-09-30 14:29:00,22642.55078125,22645.69921875,22635.30078125,22642.900390625,0
2026-09-30 14:30:00,22642.75,22644.150390625,22628.900390625,22630.80078125,0
2026-09-30 14:31:00,22631.25,22649.599609375,22629.19921875,22648.75,0
2026-09-30 14:32:00,22648.599609375,22648.75,22638.0,22642.900390625,0
2026-09-30 14:33:00,22642.94921875,22647.099609375,22638.5,22639.849609375,0
2026-09-30 14:34:00,22640.25,22642.5,22638.30078125,22640.19921875,0
2026-09-30 14:35:00,22639.75,22642.80078125,22633.5,22634.80078125,0
2026-09-30 14:36:00,22634.849609375,22637.44921875,22625.69921875,22626.849609375,0
2026-09-30 14:37:00,22626.75,22628.0,22617.94921875,22618.75,0
2026-09-30 14:38:00,22618.80078125,22629.94921875,22617.75,22620.80078125,0
2026-09-30 14:39:00,22621.150390625,22621.44921875,22604.650390625,22608.400390625,0
2026-09-30 14:40:00,22608.19921875,22617.349609375,22607.30078125,22615.099609375,0
2026-09-30 14:41:00,22615.19921875,22618.849609375,22612.25,22614.44921875,0
2026-09-30 14:42:00,22614.75,22616.05078125,22600.349609375,22600.900390625,0
2026-09-30 14:43:00,22601.150390625,22607.099609375,22595.25,22605.0,0
2026-09-30 14:44:00,22604.900390625,22613.099609375,22604.400390625,22610.19921875,0
2026-09-30 14:45:00,22610.099609375,22629.349609375,22610.0,22628.5,0
2026-09-30 14:46:00,22627.900390625,22629.650390625,22619.5,22621.099609375,0
2026-09-30 14:47:00,22621.05078125,22634.900390625,22618.349609375,22632.80078125,0
2026-09-30 14:48:00,22632.80078125,22646.900390625,22632.25,22643.900390625,0
2026-09-30 14:49:00,22643.849609375,22652.44921875,22643.849609375,22651.94921875,0
2026-09-30 14:50:00,22652.30078125,22654.25,22639.75,22647.400390625,0
2026-09-30 14:51:00,22647.30078125,22651.55078125,22640.19921875,22649.94921875,0
2026-09-30 14:52:00,22651.0,22654.80078125,22642.099609375,22645.44921875,0
2026-09-30 14:53:00,22645.75,22651.900390625,22638.849609375,22640.900390625,0
2026-09-30 14:54:00,22641.05078125,22647.150390625,22640.19921875,22646.150390625,0
2026-09-30 14:55:00,22645.849609375,22648.25,22642.05078125,22642.599609375,0
2026-09-30 14:56:00,22643.0,22644.150390625,22634.599609375,22634.900390625,0
2026-09-30 14:57:00,22634.5,22643.349609375,22633.30078125,22642.94921875,0
2026-09-30 14:58:00,22642.400390625,22645.349609375,22640.0,22641.55078125,0
2026-09-30 14:59:00,22641.400390625,22643.349609375,22637.099609375,22637.25,0
2026-09-30 15:00:00,22637.19921875,22650.75,22630.400390625,22649.44921875,0
2026-09-30 15:01:00,22649.44921875,22658.75,22647.25,22656.44921875,0
2026-09-30 15:02:00,22657.30078125,22660.400390625,22654.19921875,22654.900390625,0
2026-09-30 15:03:00,22654.900390625,22656.349609375,22639.25,22640.05078125,0
2026-09-30 15:04:00,22640.19921875,22647.75,22636.94921875,22640.599609375,0
2026-09-30 15:05:00,22640.599609375,22640.599609375,22629.099609375,22630.05078125,0
2026-09-30 15:06:00,22630.0,22637.25,22626.69921875,22635.75,0
2026-09-30 15:07:00,22635.75,22636.94921875,22627.5,22628.05078125,0
2026-09-30 15:08:00,22628.25,22629.30078125,22625.650390625,22628.69921875,0
2026-09-30 15:09:00,22628.599609375,22629.900390625,22623.900390625,22624.30078125,0
2026-09-30 15:10:00,22624.599609375,22630.05078125,22622.44921875,22624.05078125,0
2026-09-30 15:11:00,22623.94921875,22631.849609375,22622.150390625,22628.75,0
2026-09-30 15:12:00,22628.75,22630.099609375,22617.80078125,22620.30078125,0
2026-09-30 15:13:00,22620.400390625,22621.349609375,22607.650390625,22610.599609375,0
2026-09-30 15:14:00,22610.650390625,22616.900390625,22600.94921875,22614.30078125,0
2026-09-30 15:15:00,22614.900390625,22616.599609375,22614.900390625,22616.599609375,0
2026-09-30 15:16:00,22616.599609375,22616.599609375,22616.599609375,22616.599609375,0
2026-09-30 15:17:00,22616.599609375,22616.599609375,22616.599609375,22616.599609375,0
2026-09-30 15:18:00,22616.599609375,22616.599609375,22616.599609375,22616.599609375,0
2026-09-30 15:19:00,22616.599609375,22616.599609375,22616.599609375,22616.599609375,0
2026-09-30 15:20:00,22616.599609375,22616.599609375,22616.599609375,22616.599609375,0
2026-09-30 15:21:00,22616.599609375,22616.599609375,22616.599609375,22616.599609375,0
2026-09-30 15:22:00,22616.599609375,22616.599609375,22616.599609375,22616.599609375,0
2026-09-30 15:23:00,22616.599609375,22616.599609375,22616.599609375,22616.599609375,0
2026-09-30 15:24:00,22616.599609375,22616.599609375,22616.599609375,22616.599609375,0
2026-09-30 15:25:00,22616.599609375,22616.599609375,22616.599609375,22616.599609375,0
2026-09-30 15:26:00,22616.599609375,22616.599609375,22616.599609375,22616.599609375,0
2026-09-30 15:27:00,22616.599609375,22616.599609375,22616.599609375,22616.599609375,0
2026-09-30 15:28:00,22616.599609375,22620.44921875,22616.599609375,22620.44921875,0
2026-09-30 15:29:00,22620.44921875,22620.44921875,22620.44921875,22620.44921875,0
2026-10-01 09:15:00,22543.69921875,22557.69921875,22523.55078125,22552.0,0
2026-10-01 09:16:00,22551.94921875,22589.349609375,22548.94921875,22581.75,0
2026-10-01 09:17:00,22582.150390625,22587.0,22551.75,22569.849609375,0
2026-10-01 09:18:00,22569.30078125,22582.44921875,22566.400390625,22571.099609375,0
2026-10-01 09:19:00,22570.75,22571.099609375,22548.349609375,22556.44921875,0
2026-10-01 09:20:00,22556.05078125,22563.650390625,22544.55078125,22546.349609375,0
2026-10-01 09:21:00,22546.19921875,22551.19921875,22535.80078125,22540.400390625,0
2026-10-01 09:22:00,22540.75,22543.25,22529.94921875,22530.55078125,0
2026-10-01 09:23:00,22530.94921875,22530.94921875,22518.599609375,22520.25,0
2026-10-01 09:24:00,22520.30078125,22521.150390625,22509.19921875,22514.150390625,0
2026-10-01 09:25:00,22513.44921875,22521.400390625,22508.349609375,22516.400390625,0
2026-10-01 09:26:00,22516.150390625,22530.44921875,22514.44921875,22522.05078125,0
2026-10-01 09:27:00,22522.19921875,22526.099609375,22511.5,22522.75,0
2026-10-01 09:28:00,22522.80078125,22537.5,22520.80078125,22536.55078125,0
2026-10-01 09:29:00,22536.80078125,22542.849609375,22531.349609375,22539.80078125,0
2026-10-01 09:30:00,22540.150390625,22567.849609375,22537.30078125,22567.400390625,0
2026-10-01 09:31:00,22567.599609375,22577.599609375,22560.650390625,22564.75,0
2026-10-01 09:32:00,22564.30078125,22578.5,22563.19921875,22567.0,0
2026-10-01 09:33:00,22566.849609375,22576.349609375,22566.650390625,22570.69921875,0
2026-10-01 09:34:00,22570.400390625,22570.900390625,22537.900390625,22537.900390625,0
2026-10-01 09:35:00,22538.0,22548.650390625,22538.0,22542.849609375,0
2026-10-01 09:36:00,22542.94921875,22547.75,22536.650390625,22545.099609375,0
2026-10-01 09:37:00,22544.650390625,22548.5,22538.0,22547.19921875,0
2026-10-01 09:38:00,22547.94921875,22551.599609375,22543.75,22544.44921875,0
2026-10-01 09:39:00,22544.44921875,22565.349609375,22542.19921875,22564.5,0
2026-10-01 09:40:00,22564.5,22567.0,22557.650390625,22565.19921875,0
2026-10-01 09:41:00,22565.150390625,22565.94921875,22555.05078125,22556.150390625,0
2026-10-01 09:42:00,22556.349609375,22566.44921875,22554.05078125,22566.349609375,0
2026-10-01 09:43:00,22566.5,22566.5,22556.849609375,22557.05078125,0
2026-10-01 09:44:00,22557.349609375,22559.650390625,22547.30078125,22551.19921875,0
2026-10-01 09:45:00,22551.19921875,22551.599609375,22534.849609375,22551.55078125,0
2026-10-01 09:46:00,22551.19921875,22557.80078125,22551.05078125,22552.849609375,0
2026-10-01 09:47:00,22553.44921875,22564.5,22552.19921875,22562.900390625,0
2026-10-01 09:48:00,22562.900390625,22566.05078125,22554.69921875,22562.75,0
2026-10-01 09:49:00,22562.75,22570.650390625,22555.5,22558.650390625,0
2026-10-01 09:50:00,22558.5,22563.650390625,22558.5,22563.0,0
2026-10-01 09:51:00,22563.0,22563.69921875,22551.150390625,22554.55078125,0
2026-10-01 09:52:00,22554.349609375,22563.400390625,22552.94921875,22563.05078125,0
2026-10-01 09:53:00,22563.099609375,22563.19921875,22544.5,22546.19921875,0
2026-10-01 09:54:00,22547.0,22549.099609375,22538.5,22538.5,0
2026-10-01 09:55:00,22538.69921875,22549.849609375,22532.55078125,22548.5,0
2026-10-01 09:56:00,22548.44921875,22558.44921875,22538.94921875,22557.69921875,0
2026-10-01 09:57:00,22557.5,22557.5,22544.94921875,22551.150390625,0
2026-10-01 09:58:00,22551.19921875,22559.94921875,22547.30078125,22558.849609375,0
2026-10-01 09:59:00,22558.69921875,22571.099609375,22556.900390625,22570.25,0
2026-10-01 10:00:00,22570.44921875,22583.80078125,22567.599609375,22583.650390625,0
2026-10-01 10:01:00,22583.599609375,22596.30078125,22582.599609375,22593.75,0
2026-10-01 10:02:00,22593.900390625,22601.80078125,22591.25,22593.650390625,0
2026-10-01 10:03:00,22593.599609375,22599.75,22585.75,22592.25,0
2026-10-01 10:04:00,22592.69921875,22601.80078125,22590.349609375,22600.05078125,0
2026-10-01 10:05:00,22599.55078125,22602.900390625,22596.400390625,22602.150390625,0
2026-10-01 10:06:00,22602.400390625,22606.650390625,22601.349609375,22603.55078125,0
2026-10-01 10:07:00,22606.55078125,22610.55078125,22602.19921875,22609.19921875,0
2026-10-01 10:08:00,22609.150390625,22609.150390625,22582.75,22585.349609375,0
2026-10-01 10:09:00,22586.80078125,22591.55078125,22582.80078125,22583.55078125,0
2026-10-01 10:10:00,22583.650390625,22587.5,22572.55078125,22587.400390625,0
2026-10-01 10:11:00,22587.19921875,22593.099609375,22579.150390625,22579.150390625,0
2026-10-01 10:12:00,22580.599609375,22580.599609375,22568.94921875,22573.5,0
2026-10-01 10:13:00,22573.349609375,22574.25,22566.0,22568.75,0
2026-10-01 10:14:00,22568.94921875,22575.349609375,22565.099609375,22574.69921875,0
2026-10-01 10:15:00,22574.650390625,22576.599609375,22570.099609375,22571.30078125,0
2026-10-01 10:16:00,22571.400390625,22583.30078125,22569.25,22580.75,0
2026-10-01 10:17:00,22580.5,22580.5,22567.650390625,22572.599609375,0
2026-10-01 10:18:00,22572.75,22580.900390625,22572.25,22576.099609375,0
2026-10-01 10:19:00,22576.0,22576.25,22568.55078125,22568.650390625,0
2026-10-01 10:20:00,22568.75,22571.0,22565.099609375,22567.19921875,0
2026-10-01 10:21:00,22567.44921875,22572.099609375,22564.400390625,22567.150390625,0
2026-10-01 10:22:00,22567.30078125,22570.75,22562.44921875,22562.69921875,0
2026-10-01 10:23:00,22562.55078125,22568.25,22560.44921875,22567.150390625,0
2026-10-01 10:24:00,22566.599609375,22566.599609375,22557.30078125,22560.55078125,0
2026-10-01 10:25:00,22560.55078125,22567.599609375,22558.849609375,22564.150390625,0
2026-10-01 10:26:00,22564.0,22564.099609375,22552.900390625,22554.150390625,0
2026-10-01 10:27:00,22554.25,22556.5,22549.650390625,22552.05078125,0
2026-10-01 10:28:00,22552.05078125,22556.19921875,22543.0,22555.5,0
2026-10-01 10:29:00,22555.5,22561.599609375,22552.94921875,22561.0,0
2026-10-01 10:30:00,22561.150390625,22569.150390625,22558.0,22568.099609375,0
2026-10-01 10:31:00,22568.30078125,22579.349609375,22567.75,22579.150390625,0
2026-10-01 10:32:00,22579.44921875,22587.349609375,22576.5,22586.69921875,0
2026-10-01 10:33:00,22586.75,22592.599609375,22581.099609375,22581.19921875,0
2026-10-01 10:34:00,22580.94921875,22582.30078125,22575.75,22579.599609375,0
2026-10-01 10:35:00,22579.55078125,22585.19921875,22577.55078125,22584.69921875,0
2026-10-01 10:36:00,22584.69921875,22594.400390625,22583.25,22588.400390625,0
2026-10-01 10:37:00,22588.349609375,22591.30078125,22584.05078125,22586.30078125,0
2026-10-01 10:38:00,22585.5,22585.5,22575.650390625,22583.30078125,0
2026-10-01 10:39:00,22583.05078125,22583.650390625,22577.349609375,22580.80078125,0
2026-10-01 10:40:00,22580.94921875,22582.5,22573.30078125,22576.19921875,0
2026-10-01 10:41:00,22576.150390625,22577.349609375,22574.150390625,22576.25,0
2026-10-01 10:42:00,22576.150390625,22579.30078125,22568.900390625,22569.75,0
2026-10-01 10:43:00,22569.75,22574.400390625,22568.80078125,22572.849609375,0
2026-10-01 10:44:00,22572.5,22572.5,22562.75,22563.150390625,0
2026-10-01 10:45:00,22563.05078125,22563.94921875,22551.849609375,22562.94921875,0
2026-10-01 10:46:00,22562.900390625,22566.19921875,22557.80078125,22560.150390625,0
2026-10-01 10:47:00,22559.849609375,22560.599609375,22554.44921875,22557.55078125,0
2026-10-01 10:48:00,22557.55078125,22558.099609375,22547.900390625,22557.75,0
2026-10-01 10:49:00,22557.349609375,22558.900390625,22553.599609375,22554.599609375,0
2026-10-01 10:50:00,22554.80078125,22574.400390625,22553.75,22573.099609375,0
2026-10-01 10:51:00,22573.0,22580.55078125,22565.94921875,22578.05078125,0
2026-10-01 10:52:00,22578.94921875,22581.44921875,22567.150390625,22567.80078125,0
2026-10-01 10:53:00,22568.25,22573.400390625,22561.25,22571.349609375,0
2026-10-01 10:54:00,22571.44921875,22571.69921875,22554.75,22556.94921875,0
2026-10-01 10:55:00,22556.94921875,22566.099609375,22553.650390625,22558.55078125,0
2026-10-01 10:56:00,22557.349609375,22562.25,22553.69921875,22559.650390625,0
2026-10-01 10:57:00,22558.599609375,22561.650390625,22553.19921875,22558.400390625,0
2026-10-01 10:58:00,22558.400390625,22559.80078125,22552.099609375,22558.25,0
2026-10-01 10:59:00,22558.05078125,22568.5,22556.349609375,22562.25,0
2026-10-01 11:00:00,22562.30078125,22563.099609375,22555.599609375,22558.25,0
2026-10-01 11:01:00,22558.30078125,22558.55078125,22551.44921875,22552.55078125,0
2026-10-01 11:02:00,22552.650390625,22556.150390625,22551.80078125,22552.900390625,0
2026-10-01 11:03:00,22552.80078125,22553.05078125,22543.75,22547.44921875,0
2026-10-01 11:04:00,22547.44921875,22552.900390625,22545.55078125,22547.75,0
2026-10-01 11:05:00,22547.94921875,22549.900390625,22541.5,22547.94921875,0
2026-10-01 11:06:00,22548.099609375,22557.30078125,22547.69921875,22557.25,0
2026-10-01 11:07:00,22556.94921875,22556.94921875,22543.150390625,22546.69921875,0
2026-10-01 11:08:00,22546.650390625,22549.05078125,22539.69921875,22541.0,0
2026-10-01 11:09:00,22541.099609375,22541.150390625,22532.650390625,22534.400390625,0
2026-10-01 11:10:00,22535.150390625,22540.5,22533.099609375,22539.55078125,0
2026-10-01 11:11:00,22539.19921875,22546.400390625,22538.44921875,22545.75,0
2026-10-01 11:12:00,22545.849609375,22549.19921875,22541.650390625,22543.44921875,0
2026-10-01 11:13:00,22543.19921875,22548.349609375,22542.19921875,22547.650390625,0
2026-10-01 11:14:00,22547.599609375,22547.75,22542.0,22547.150390625,0
2026-10-01 11:15:00,22546.55078125,22553.650390625,22546.0,22552.19921875,0
2026-10-01 11:16:00,22552.0,22556.94921875,22549.30078125,22556.0,0
2026-10-01 11:17:00,22555.80078125,22565.650390625,22554.55078125,22559.19921875,0
2026-10-01 11:18:00,22559.349609375,22564.94921875,22557.5,22559.099609375,0
2026-10-01 11:19:00,22559.30078125,22560.0,22549.19921875,22558.05078125,0
2026-10-01 11:20:00,22558.19921875,22561.94921875,22556.5,22557.75,0
2026-10-01 11:21:00,22557.599609375,22557.599609375,22545.25,22554.05078125,0
2026-10-01 11:22:00,22554.05078125,22554.05078125,22539.69921875,22540.599609375,0
2026-10-01 11:23:00,22540.69921875,22542.099609375,22531.5,22534.849609375,0
2026-10-01 11:24:00,22534.900390625,22537.0,22531.0,22535.44921875,0
2026-10-01 11:25:00,22535.349609375,22537.849609375,22529.69921875,22537.19921875,0
2026-10-01 11:26:00,22536.900390625,22544.55078125,22536.900390625,22544.55078125,0
2026-10-01 11:27:00,22544.099609375,22545.099609375,22538.599609375,22541.55078125,0
2026-10-01 11:28:00,22541.55078125,22541.55078125,22535.44921875,22539.5,0
2026-10-01 11:29:00,22539.44921875,22544.5,22538.650390625,22543.849609375,0
2026-10-01 11:30:00,22544.150390625,22550.80078125,22541.599609375,22550.650390625,0
2026-10-01 11:31:00,22550.30078125,22550.349609375,22542.150390625,22546.099609375,0
2026-10-01 11:32:00,22546.19921875,22546.19921875,22535.80078125,22538.349609375,0
2026-10-01 11:33:00,22538.099609375,22542.75,22536.44921875,22541.05078125,0
2026-10-01 11:34:00,22540.75,22544.099609375,22536.05078125,22543.80078125,0
2026-10-01 11:35:00,22544.150390625,22550.0,22542.150390625,22549.599609375,0
2026-10-01 11:36:00,22549.55078125,22560.75,22548.150390625,22559.349609375,0
2026-10-01 11:37:00,22559.69921875,22563.94921875,22557.05078125,22562.25,0
2026-10-01 11:38:00,22562.25,22562.5,22553.30078125,22553.30078125,0
2026-10-01 11:39:00,22553.44921875,22559.5,22548.75,22558.75,0
2026-10-01 11:40:00,22558.75,22559.0,22554.5,22558.099609375,0
2026-10-01 11:41:00,22558.19921875,22562.75,22556.599609375,22562.55078125,0
2026-10-01 11:42:00,22562.19921875,22573.25,22561.400390625,22567.80078125,0
2026-10-01 11:43:00,22567.900390625,22568.30078125,22565.150390625,22567.150390625,0
2026-10-01 11:44:00,22567.150390625,22573.69921875,22565.849609375,22571.650390625,0
2026-10-01 11:45:00,22571.80078125,22572.650390625,22562.94921875,22564.75,0
2026-10-01 11:46:00,22564.599609375,22565.349609375,22555.650390625,22560.94921875,0
2026-10-01 11:47:00,22560.900390625,22568.0,22560.099609375,22564.349609375,0
2026-10-01 11:48:00,22563.900390625,22564.0,22554.19921875,22554.94921875,0
2026-10-01 11:49:00,22554.849609375,22557.30078125,22548.099609375,22553.400390625,0
2026-10-01 11:50:00,22552.849609375,22552.849609375,22543.94921875,22548.599609375,0
2026-10-01 11:51:00,22548.44921875,22553.94921875,22546.099609375,22547.849609375,0
2026-10-01 11:52:00,22547.849609375,22551.150390625,22546.400390625,22548.599609375,0
2026-10-01 11:53:00,22548.900390625,22554.599609375,22547.349609375,22552.849609375,0
2026-10-01 11:54:00,22552.75,22552.75,22544.900390625,22548.30078125,0
2026-10-01 11:55:00,22548.150390625,22552.650390625,22547.900390625,22552.19921875,0
2026-10-01 11:56:00,22552.05078125,22558.75,22550.69921875,22558.349609375,0
2026-10-01 11:57:00,22558.400390625,22560.599609375,22554.19921875,22557.099609375,0
2026-10-01 11:58:00,22557.0,22558.849609375,22552.94921875,22556.80078125,0
2026-10-01 11:59:00,22556.75,22568.400390625,22555.5,22567.849609375,0
2026-10-01 12:00:00,22567.349609375,22574.25,22564.099609375,22572.650390625,0
2026-10-01 12:01:00,22572.30078125,22572.650390625,22558.25,22558.349609375,0
2026-10-01 12:02:00,22558.400390625,22561.44921875,22549.349609375,22550.30078125,0
2026-10-01 12:03:00,22550.25,22553.900390625,22545.44921875,22551.94921875,0
2026-10-01 12:04:00,22552.05078125,22552.05078125,22542.849609375,22544.150390625,0
2026-10-01 12:05:00,22544.099609375,22546.30078125,22540.80078125,22545.849609375,0
2026-10-01 12:06:00,22545.900390625,22546.150390625,22536.55078125,22539.0,0
2026-10-01 12:07:00,22538.25,22539.25,22526.650390625,22532.0,0
2026-10-01 12:08:00,22532.0,22537.599609375,22530.650390625,22536.55078125,0
2026-10-01 12:09:00,22536.599609375,22536.80078125,22528.650390625,22532.30078125,0
2026-10-01 12:10:00,22532.30078125,22532.30078125,22507.05078125,22507.69921875,0
2026-10-01 12:11:00,22507.400390625,22515.30078125,22500.80078125,22514.5,0
2026-10-01 12:12:00,22514.400390625,22525.599609375,22510.650390625,22523.650390625,0
2026-10-01 12:13:00,22523.55078125,22530.94921875,22522.05078125,22525.900390625,0
2026-10-01 12:14:00,22525.900390625,22525.900390625,22518.349609375,22520.75,0
2026-10-01 12:15:00,22520.44921875,22520.44921875,22513.44921875,22517.55078125,0
2026-10-01 12:16:00,22517.05078125,22529.30078125,22517.05078125,22518.94921875,0
2026-10-01 12:17:00,22518.849609375,22522.25,22513.849609375,22517.349609375,0
2026-10-01 12:18:00,22516.69921875,22516.69921875,22506.80078125,22510.5,0
2026-10-01 12:19:00,22510.5,22513.900390625,22499.30078125,22501.05078125,0
2026-10-01 12:20:00,22501.05078125,22506.400390625,22499.849609375,22506.349609375,0
2026-10-01 12:21:00,22506.349609375,22510.650390625,22501.19921875,22502.099609375,0
2026-10-01 12:22:00,22501.69921875,22503.75,22492.599609375,22492.849609375,0
2026-10-01 12:23:00,22493.05078125,22493.30078125,22481.900390625,22483.400390625,0
2026-10-01 12:24:00,22483.30078125,22486.75,22479.599609375,22485.69921875,0
2026-10-01 12:25:00,22485.69921875,22488.150390625,22480.849609375,22480.849609375,0
2026-10-01 12:26:00,22480.900390625,22483.30078125,22476.599609375,22482.69921875,0
2026-10-01 12:27:00,22482.599609375,22483.400390625,22472.0,22481.75,0
2026-10-01 12:28:00,22481.75,22482.25,22463.900390625,22464.75,0
2026-10-01 12:29:00,22464.75,22472.30078125,22459.400390625,22471.150390625,0
2026-10-01 12:30:00,22471.099609375,22471.150390625,22458.150390625,22467.599609375,0
2026-10-01 12:31:00,22467.69921875,22468.400390625,22462.94921875,22467.599609375,0
2026-10-01 12:32:00,22467.650390625,22481.900390625,22467.099609375,22480.94921875,0
2026-10-01 12:33:00,22480.849609375,22484.44921875,22473.150390625,22483.099609375,0
2026-10-01 12:34:00,22482.94921875,22487.25,22474.44921875,22476.150390625,0
2026-10-01 12:35:00,22475.599609375,22483.19921875,22475.05078125,22478.05078125,0
2026-10-01 12:36:00,22475.05078125,22479.94921875,22473.599609375,22478.849609375,0
2026-10-01 12:37:00,22478.849609375,22480.69921875,22474.25,22475.69921875,0
2026-10-01 12:38:00,22475.599609375,22477.30078125,22473.25,22474.55078125,0
2026-10-01 12:39:00,22474.349609375,22479.400390625,22472.69921875,22478.099609375,0
2026-10-01 12:40:00,22478.19921875,22480.69921875,22475.349609375,22477.900390625,0
2026-10-01 12:41:00,22478.19921875,22485.400390625,22472.349609375,22475.0,0
2026-10-01 12:42:00,22475.44921875,22476.75,22466.05078125,22467.0,0
2026-10-01 12:43:00,22466.849609375,22468.25,22454.349609375,22455.69921875,0
2026-10-01 12:44:00,22456.400390625,22456.400390625,22433.05078125,22433.80078125,0
2026-10-01 12:45:00,22433.69921875,22433.69921875,22415.400390625,22416.150390625,0
2026-10-01 12:46:00,22416.0,22416.5,22404.44921875,22413.75,0
2026-10-01 12:47:00,22413.400390625,22413.400390625,22394.400390625,22395.349609375,0
2026-10-01 12:48:00,22395.55078125,22408.849609375,22392.75,22400.05078125,0
2026-10-01 12:49:00,22400.94921875,22401.5,22374.150390625,22378.25,0
2026-10-01 12:50:00,22378.0,22380.55078125,22363.69921875,22370.5,0
2026-10-01 12:51:00,22370.55078125,22377.650390625,22363.25,22367.5,0
2026-10-01 12:52:00,22367.5,22372.80078125,22361.25,22361.650390625,0
2026-10-01 12:53:00,22360.80078125,22361.900390625,22355.25,22357.099609375,0
2026-10-01 12:54:00,22356.94921875,22356.94921875,22344.80078125,22350.400390625,0
2026-10-01 12:55:00,22350.599609375,22351.69921875,22336.849609375,22338.099609375,0
2026-10-01 12:56:00,22337.150390625,22341.55078125,22324.94921875,22326.099609375,0
2026-10-01 12:57:00,22326.05078125,22337.650390625,22324.69921875,22329.55078125,0
2026-10-01 12:58:00,22329.5,22333.80078125,22301.5,22301.5,0
2026-10-01 12:59:00,22302.099609375,22337.69921875,22301.44921875,22325.849609375,0
2026-10-01 13:00:00,22324.80078125,22338.849609375,22317.80078125,22338.44921875,0
2026-10-01 13:01:00,22338.099609375,22339.650390625,22331.55078125,22339.650390625,0
2026-10-01 13:02:00,22338.900390625,22364.099609375,22338.75,22359.150390625,0
2026-10-01 13:03:00,22358.69921875,22371.55078125,22355.650390625,22365.19921875,0
2026-10-01 13:04:00,22365.150390625,22380.44921875,22362.94921875,22378.55078125,0
2026-10-01 13:05:00,22378.69921875,22378.69921875,22366.05078125,22370.80078125,0
2026-10-01 13:06:00,22371.0,22371.75,22357.5,22366.400390625,0
2026-10-01 13:07:00,22366.69921875,22376.400390625,22354.44921875,22376.349609375,0
2026-10-01 13:08:00,22376.44921875,22388.099609375,22374.55078125,22387.5,0
2026-10-01 13:09:00,22387.55078125,22388.30078125,22374.55078125,22381.55078125,0
2026-10-01 13:10:00,22381.80078125,22381.80078125,22372.349609375,22373.150390625,0
2026-10-01 13:11:00,22373.099609375,22383.30078125,22371.150390625,22381.400390625,0
2026-10-01 13:12:00,22381.55078125,22384.849609375,22372.349609375,22374.19921875,0
2026-10-01 13:13:00,22374.599609375,22378.69921875,22371.099609375,22371.900390625,0
2026-10-01 13:14:00,22371.44921875,22381.94921875,22364.25,22372.80078125,0
2026-10-01 13:15:00,22372.80078125,22372.80078125,22355.19921875,22361.349609375,0
2026-10-01 13:16:00,22361.05078125,22361.650390625,22349.55078125,22352.849609375,0
2026-10-01 13:17:00,22352.80078125,22353.650390625,22342.900390625,22348.349609375,0
2026-10-01 13:18:00,22348.30078125,22348.849609375,22331.94921875,22332.900390625,0
2026-10-01 13:19:00,22332.80078125,22340.19921875,22329.44921875,22335.69921875,0
2026-10-01 13:20:00,22335.349609375,22343.5,22333.19921875,22340.94921875,0
2026-10-01 13:21:00,22340.75,22349.0,22338.75,22339.349609375,0
2026-10-01 13:22:00,22339.349609375,22339.349609375,22324.44921875,22326.400390625,0
2026-10-01 13:23:00,22326.25,22334.80078125,22324.55078125,22333.599609375,0
2026-10-01 13:24:00,22333.25,22335.349609375,22326.0,22328.400390625,0
2026-10-01 13:25:00,22328.0,22341.69921875,22326.150390625,22341.69921875,0
2026-10-01 13:26:00,22342.25,22345.05078125,22331.650390625,22333.25,0
2026-10-01 13:27:00,22333.19921875,22336.19921875,22322.75,22335.650390625,0
2026-10-01 13:28:00,22335.55078125,22341.150390625,22330.80078125,22331.400390625,0
2026-10-01 13:29:00,22331.349609375,22333.349609375,22321.849609375,22323.349609375,0
2026-10-01 13:30:00,22323.19921875,22330.400390625,22312.150390625,22328.5,0
2026-10-01 13:31:00,22328.400390625,22337.30078125,22320.599609375,22321.400390625,0
2026-10-01 13:32:00,22321.349609375,22337.0,22320.44921875,22331.25,0
2026-10-01 13:33:00,22331.400390625,22356.900390625,22330.44921875,22353.94921875,0
2026-10-01 13:34:00,22354.150390625,22363.55078125,22347.94921875,22356.099609375,0
2026-10-01 13:35:00,22356.05078125,22361.94921875,22347.099609375,22347.25,0
2026-10-01 13:36:00,22346.900390625,22349.900390625,22334.25,22335.30078125,0
2026-10-01 13:37:00,22335.5,22341.900390625,22329.94921875,22340.80078125,0
2026-10-01 13:38:00,22340.099609375,22341.650390625,22331.099609375,22334.94921875,0
2026-10-01 13:39:00,22334.94921875,22335.69921875,22328.69921875,22335.69921875,0
2026-10-01 13:40:00,22335.099609375,22338.150390625,22327.80078125,22327.94921875,0
2026-10-01 13:41:00,22327.650390625,22329.55078125,22305.400390625,22306.0,0
2026-10-01 13:42:00,22306.30078125,22306.30078125,22291.099609375,22293.150390625,0
2026-10-01 13:43:00,22293.25,22295.849609375,22273.69921875,22277.69921875,0
2026-10-01 13:44:00,22277.650390625,22295.69921875,22276.5,22295.599609375,0
2026-10-01 13:45:00,22295.650390625,22296.349609375,22285.099609375,22289.44921875,0
2026-10-01 13:46:00,22289.30078125,22304.0,22287.55078125,22300.150390625,0
2026-10-01 13:47:00,22299.94921875,22300.05078125,22284.05078125,22285.349609375,0
2026-10-01 13:48:00,22285.30078125,22294.44921875,22279.30078125,22290.55078125,0
2026-10-01 13:49:00,22290.55078125,22292.0,22280.099609375,22283.150390625,0
2026-10-01 13:50:00,22282.94921875,22288.599609375,22277.94921875,22283.75,0
2026-10-01 13:51:00,22283.69921875,22288.69921875,22279.150390625,22281.75,0
2026-10-01 13:52:00,22281.80078125,22283.099609375,22270.55078125,22279.0,0
2026-10-01 13:53:00,22279.349609375,22286.400390625,22277.94921875,22280.75,0
2026-10-01 13:54:00,22280.650390625,22283.599609375,22275.349609375,22278.849609375,0
2026-10-01 13:55:00,22278.94921875,22285.19921875,22276.599609375,22278.900390625,0
2026-10-01 13:56:00,22278.900390625,22279.44921875,22268.55078125,22270.05078125,0
2026-10-01 13:57:00,22270.30078125,22275.599609375,22268.80078125,22271.05078125,0
2026-10-01 13:58:00,22271.349609375,22272.80078125,22254.55078125,22257.69921875,0
2026-10-01 13:59:00,22257.650390625,22258.05078125,22247.44921875,22248.0,0
2026-10-01 14:00:00,22248.400390625,22253.80078125,22236.349609375,22240.94921875,0
2026-10-01 14:01:00,22241.25,22243.69921875,22233.30078125,22233.849609375,0
2026-10-01 14:02:00,22234.0,22234.30078125,22222.19921875,22224.0,0
2026-10-01 14:03:00,22224.44921875,22231.69921875,22221.55078125,22227.0,0
2026-10-01 14:04:00,22226.849609375,22228.75,22219.400390625,22219.400390625,0
2026-10-01 14:05:00,22219.55078125,22238.599609375,22217.650390625,22235.599609375,0
2026-10-01 14:06:00,22235.19921875,22242.650390625,22226.349609375,22242.30078125,0
2026-10-01 14:07:00,22242.25,22271.349609375,22241.25,22263.44921875,0
2026-10-01 14:08:00,22263.44921875,22266.75,22256.150390625,22262.19921875,0
2026-10-01 14:09:00,22261.94921875,22278.099609375,22261.400390625,22273.19921875,0
2026-10-01 14:10:00,22272.900390625,22277.19921875,22267.69921875,22274.55078125,0
2026-10-01 14:11:00,22274.5,22277.900390625,22271.05078125,22275.0,0
2026-10-01 14:12:00,22274.69921875,22276.94921875,22268.19921875,22275.80078125,0
2026-10-01 14:13:00,22276.0,22285.650390625,22273.5,22280.5,0
2026-10-01 14:14:00,22280.849609375,22305.150390625,22280.75,22296.150390625,0
2026-10-01 14:15:00,22295.80078125,22297.05078125,22273.599609375,22273.599609375,0
2026-10-01 14:16:00,22273.5,22273.94921875,22266.80078125,22272.94921875,0
2026-10-01 14:17:00,22272.599609375,22272.599609375,22266.400390625,22271.30078125,0
2026-10-01 14:18:00,22271.75,22279.900390625,22270.099609375,22276.650390625,0
2026-10-01 14:19:00,22276.400390625,22278.05078125,22272.099609375,22275.0,0
2026-10-01 14:20:00,22274.599609375,22282.25,22272.75,22278.19921875,0
2026-10-01 14:21:00,22278.19921875,22280.94921875,22270.75,22280.19921875,0
2026-10-01 14:22:00,22280.099609375,22286.849609375,22278.44921875,22285.75,0
2026-10-01 14:23:00,22285.69921875,22287.349609375,22277.05078125,22280.0,0
2026-10-01 14:24:00,22279.599609375,22283.05078125,22271.25,22274.75,0
2026-10-01 14:25:00,22274.650390625,22284.900390625,22274.150390625,22283.900390625,0
2026-10-01 14:26:00,22283.75,22300.099609375,22282.19921875,22299.30078125,0
2026-10-01 14:27:00,22299.44921875,22314.150390625,22298.650390625,22301.69921875,0
2026-10-01 14:28:00,22301.150390625,22301.150390625,22285.05078125,22291.05078125,0
2026-10-01 14:29:00,22290.900390625,22308.75,22290.69921875,22307.650390625,0
2026-10-01 14:30:00,22308.0,22335.75,22307.19921875,22334.650390625,0
2026-10-01 14:31:00,22334.05078125,22343.30078125,22330.05078125,22342.19921875,0
2026-10-01 14:32:00,22341.94921875,22342.599609375,22320.650390625,22331.69921875,0
2026-10-01 14:33:00,22331.650390625,22361.900390625,22320.55078125,22360.05078125,0
2026-10-01 14:34:00,22360.849609375,22371.900390625,22357.150390625,22362.150390625,0
2026-10-01 14:35:00,22362.099609375,22368.150390625,22345.0,22366.099609375,0
2026-10-01 14:36:00,22366.05078125,22371.0,22359.80078125,22370.099609375,0
2026-10-01 14:37:00,22370.099609375,22378.44921875,22367.900390625,22373.44921875,0
2026-10-01 14:38:00,22373.55078125,22378.150390625,22361.44921875,22364.599609375,0
2026-10-01 14:39:00,22364.650390625,22366.599609375,22341.650390625,22352.94921875,0
2026-10-01 14:40:00,22353.19921875,22361.25,22349.849609375,22359.349609375,0
2026-10-01 14:41:00,22359.25,22365.900390625,22356.05078125,22362.75,0
2026-10-01 14:42:00,22362.25,22362.30078125,22342.5,22355.75,0
2026-10-01 14:43:00,22355.55078125,22360.150390625,22354.25,22358.150390625,0
2026-10-01 14:44:00,22358.25,22358.80078125,22352.75,22358.150390625,0
2026-10-01 14:45:00,22358.44921875,22363.69921875,22351.099609375,22356.05078125,0
2026-10-01 14:46:00,22355.849609375,22358.599609375,22350.650390625,22350.650390625,0
2026-10-01 14:47:00,22350.849609375,22364.25,22347.80078125,22360.75,0
2026-10-01 14:48:00,22360.650390625,22364.44921875,22355.650390625,22356.5,0
2026-10-01 14:49:00,22356.44921875,22364.30078125,22354.150390625,22358.25,0
2026-10-01 14:50:00,22358.150390625,22383.25,22357.80078125,22381.25,0
2026-10-01 14:51:00,22382.19921875,22386.05078125,22366.0,22381.55078125,0
2026-10-01 14:52:00,22381.650390625,22389.150390625,22378.69921875,22388.5,0
2026-10-01 14:53:00,22388.150390625,22402.849609375,22387.650390625,22401.349609375,0
2026-10-01 14:54:00,22401.5,22410.400390625,22400.599609375,22404.650390625,0
2026-10-01 14:55:00,22404.5,22413.30078125,22400.80078125,22410.44921875,0
2026-10-01 14:56:00,22410.19921875,22418.69921875,22402.44921875,22413.900390625,0
2026-10-01 14:57:00,22414.0,22419.25,22402.5,22404.69921875,0
2026-10-01 14:58:00,22404.69921875,22411.849609375,22404.400390625,22406.55078125,0
2026-10-01 14:59:00,22407.099609375,22409.55078125,22398.05078125,22398.80078125,0
2026-10-01 15:00:00,22398.44921875,22400.25,22390.75,22391.19921875,0
2026-10-01 15:01:00,22390.650390625,22401.150390625,22388.55078125,22390.94921875,0
2026-10-01 15:02:00,22390.19921875,22390.80078125,22383.150390625,22387.55078125,0
2026-10-01 15:03:00,22387.75,22394.150390625,22386.849609375,22391.099609375,0
2026-10-01 15:04:00,22391.650390625,22398.599609375,22389.80078125,22393.05078125,0
2026-10-01 15:05:00,22393.349609375,22422.30078125,22393.349609375,22421.0,0
2026-10-01 15:06:00,22421.30078125,22433.150390625,22418.80078125,22425.19921875,0
2026-10-01 15:07:00,22425.5,22426.849609375,22418.5,22421.30078125,0
2026-10-01 15:08:00,22421.55078125,22423.05078125,22415.19921875,22415.19921875,0
2026-10-01 15:09:00,22415.150390625,22418.099609375,22406.94921875,22417.150390625,0
2026-10-01 15:10:00,22417.150390625,22427.94921875,22417.150390625,22427.349609375,0
2026-10-01 15:11:00,22428.5,22438.0,22425.75,22436.25,0
2026-10-01 15:12:00,22438.19921875,22438.19921875,22427.75,22429.849609375,0
2026-10-01 15:13:00,22431.900390625,22434.69921875,22420.94921875,22425.849609375,0
2026-10-01 15:14:00,22424.30078125,22448.5,22423.349609375,22445.599609375,0
2026-10-01 15:15:00,22446.0,22446.0,22446.0,22446.0,0
2026-10-01 15:16:00,22446.0,22446.0,22446.0,22446.0,0
2026-10-01 15:17:00,22446.0,22446.0,22446.0,22446.0,0
2026-10-01 15:18:00,22446.0,22446.0,22446.0,22446.0,0
2026-10-01 15:19:00,22446.0,22446.0,22446.0,22446.0,0
2026-10-01 15:20:00,22446.0,22446.0,22446.0,22446.0,0
2026-10-01 15:21:00,22446.0,22446.0,22446.0,22446.0,0
2026-10-01 15:22:00,22446.0,22446.0,22446.0,22446.0,0
2026-10-01 15:23:00,22446.0,22446.0,22446.0,22446.0,0
2026-10-01 15:24:00,22446.0,22446.0,22446.0,22446.0,0
2026-10-01 15:25:00,22446.0,22446.0,22446.0,22446.0,0
2026-10-01 15:26:00,22446.0,22446.0,22446.0,22446.0,0
2026-10-01 15:27:00,22446.0,22446.0,22446.0,22446.0,0
2026-10-01 15:28:00,22446.0,22446.0,22446.0,22446.0,0
2026-10-01 15:29:00,22446.0,22446.0,22421.94921875,22421.94921875,0
2026-10-05 09:15:00,22532.400390625,22552.349609375,22507.55078125,22543.849609375,0
2026-10-05 09:16:00,22544.5,22550.650390625,22522.55078125,22544.55078125,0
2026-10-05 09:17:00,22544.44921875,22563.30078125,22542.900390625,22560.099609375,0
2026-10-05 09:18:00,22560.650390625,22563.19921875,22546.94921875,22555.849609375,0
2026-10-05 09:19:00,22557.05078125,22557.80078125,22540.44921875,22553.19921875,0
2026-10-05 09:20:00,22553.0,22556.69921875,22539.05078125,22540.80078125,0
2026-10-05 09:21:00,22541.25,22541.30078125,22509.650390625,22517.849609375,0
2026-10-05 09:22:00,22517.80078125,22528.0,22511.25,22524.349609375,0
2026-10-05 09:23:00,22523.94921875,22540.849609375,22523.75,22540.55078125,0
2026-10-05 09:24:00,22540.19921875,22544.30078125,22532.5,22543.30078125,0
2026-10-05 09:25:00,22544.349609375,22555.400390625,22542.400390625,22544.099609375,0
2026-10-05 09:26:00,22544.30078125,22548.25,22532.44921875,22543.55078125,0
2026-10-05 09:27:00,22543.69921875,22563.099609375,22543.69921875,22562.150390625,0
2026-10-05 09:28:00,22561.349609375,22571.05078125,22559.25,22564.900390625,0
2026-10-05 09:29:00,22564.849609375,22570.25,22558.30078125,22568.849609375,0
2026-10-05 09:30:00,22568.94921875,22582.25,22568.400390625,22581.5,0
2026-10-05 09:31:00,22581.44921875,22582.25,22574.25,22580.05078125,0
2026-10-05 09:32:00,22580.349609375,22591.900390625,22578.30078125,22588.599609375,0
2026-10-05 09:33:00,22588.400390625,22594.05078125,22580.900390625,22585.400390625,0
2026-10-05 09:34:00,22585.30078125,22595.099609375,22584.30078125,22590.099609375,0
2026-10-05 09:35:00,22589.19921875,22590.30078125,22576.5,22577.55078125,0
2026-10-05 09:36:00,22576.80078125,22584.44921875,22570.400390625,22580.900390625,0
2026-10-05 09:37:00,22581.05078125,22583.25,22560.75,22560.80078125,0
2026-10-05 09:38:00,22562.099609375,22575.650390625,22561.5,22569.599609375,0
2026-10-05 09:39:00,22570.099609375,22585.0,22570.099609375,22584.05078125,0
2026-10-05 09:40:00,22584.150390625,22585.75,22570.650390625,22571.25,0
2026-10-05 09:41:00,22570.80078125,22586.94921875,22570.80078125,22586.25,0
2026-10-05 09:42:00,22586.55078125,22587.19921875,22575.5,22579.30078125,0
2026-10-05 09:43:00,22580.150390625,22583.599609375,22578.69921875,22581.650390625,0
2026-10-05 09:44:00,22581.69921875,22582.80078125,22574.75,22582.5,0
2026-10-05 09:45:00,22582.5,22593.099609375,22580.80078125,22591.19921875,0
2026-10-05 09:46:00,22591.099609375,22608.94921875,22590.05078125,22606.650390625,0
2026-10-05 09:47:00,22606.80078125,22613.099609375,22606.150390625,22608.349609375,0
2026-10-05 09:48:00,22608.30078125,22614.55078125,22604.05078125,22613.349609375,0
2026-10-05 09:49:00,22613.0,22615.5,22608.75,22610.30078125,0
2026-10-05 09:50:00,22610.25,22621.80078125,22609.099609375,22617.25,0
2026-10-05 09:51:00,22616.94921875,22617.650390625,22610.25,22611.69921875,0
2026-10-05 09:52:00,22611.5,22612.94921875,22607.150390625,22609.55078125,0
2026-10-05 09:53:00,22609.0,22610.849609375,22601.80078125,22603.30078125,0
2026-10-05 09:54:00,22603.25,22604.80078125,22595.0,22603.25,0
2026-10-05 09:55:00,22603.30078125,22614.400390625,22602.44921875,22612.69921875,0
2026-10-05 09:56:00,22612.650390625,22614.349609375,22607.0,22610.25,0
2026-10-05 09:57:00,22609.900390625,22610.900390625,22595.19921875,22596.19921875,0
2026-10-05 09:58:00,22596.900390625,22602.75,22584.150390625,22584.69921875,0
2026-10-05 09:59:00,22584.5,22585.0,22566.650390625,22567.05078125,0
2026-10-05 10:00:00,22566.900390625,22576.25,22562.0,22569.19921875,0
2026-10-05 10:01:00,22569.30078125,22577.0,22553.599609375,22561.0,0
2026-10-05 10:02:00,22560.30078125,22562.75,22555.44921875,22556.900390625,0
2026-10-05 10:03:00,22556.94921875,22568.349609375,22556.94921875,22559.900390625,0
2026-10-05 10:04:00,22559.599609375,22560.30078125,22548.05078125,22551.0,0
2026-10-05 10:05:00,22550.900390625,22552.099609375,22531.94921875,22533.150390625,0
2026-10-05 10:06:00,22533.19921875,22551.650390625,22533.19921875,22551.650390625,0
2026-10-05 10:07:00,22551.400390625,22556.400390625,22548.150390625,22553.0,0
2026-10-05 10:08:00,22552.849609375,22554.599609375,22546.05078125,22550.150390625,0
2026-10-05 10:09:00,22550.25,22564.25,22548.5,22562.650390625,0
2026-10-05 10:10:00,22562.599609375,22565.05078125,22555.400390625,22556.44921875,0
2026-10-05 10:11:00,22556.25,22558.69921875,22551.25,22555.25,0
2026-10-05 10:12:00,22555.150390625,22559.05078125,22549.25,22552.650390625,0
2026-10-05 10:13:00,22552.650390625,22558.349609375,22549.849609375,22555.150390625,0
2026-10-05 10:14:00,22555.349609375,22560.30078125,22541.650390625,22543.80078125,0
2026-10-05 10:15:00,22543.75,22546.0,22536.0,22538.349609375,0
2026-10-05 10:16:00,22538.150390625,22546.05078125,22538.150390625,22545.55078125,0
2026-10-05 10:17:00,22545.25,22560.5,22543.19921875,22552.55078125,0
2026-10-05 10:18:00,22552.650390625,22557.30078125,22549.5,22550.44921875,0
2026-10-05 10:19:00,22550.69921875,22556.0,22550.150390625,22552.349609375,0
2026-10-05 10:20:00,22552.400390625,22554.75,22545.400390625,22546.400390625,0
2026-10-05 10:21:00,22546.650390625,22547.19921875,22533.849609375,22536.55078125,0
2026-10-05 10:22:00,22536.80078125,22538.19921875,22518.80078125,22519.30078125,0
2026-10-05 10:23:00,22518.599609375,22530.650390625,22518.400390625,22529.5,0
2026-10-05 10:24:00,22529.900390625,22532.80078125,22503.94921875,22504.849609375,0
2026-10-05 10:25:00,22504.80078125,22506.099609375,22488.150390625,22488.19921875,0
2026-10-05 10:26:00,22487.75,22491.5,22474.05078125,22488.099609375,0
2026-10-05 10:27:00,22488.19921875,22504.150390625,22474.94921875,22500.80078125,0
2026-10-05 10:28:00,22500.94921875,22522.75,22498.349609375,22518.19921875,0
2026-10-05 10:29:00,22518.44921875,22522.900390625,22508.099609375,22513.349609375,0
2026-10-05 10:30:00,22512.94921875,22520.94921875,22512.75,22515.94921875,0
2026-10-05 10:31:00,22516.05078125,22526.05078125,22515.400390625,22522.849609375,0
2026-10-05 10:32:00,22523.400390625,22534.30078125,22523.400390625,22528.80078125,0
2026-10-05 10:33:00,22528.900390625,22531.25,22524.75,22530.599609375,0
2026-10-05 10:34:00,22530.80078125,22534.349609375,22529.05078125,22531.0,0
2026-10-05 10:35:00,22531.400390625,22532.30078125,22502.599609375,22507.94921875,0
2026-10-05 10:36:00,22509.30078125,22514.80078125,22503.599609375,22514.75,0
2026-10-05 10:37:00,22514.75,22517.19921875,22506.150390625,22506.349609375,0
2026-10-05 10:38:00,22506.0,22506.69921875,22485.650390625,22486.30078125,0
2026-10-05 10:39:00,22485.80078125,22487.80078125,22473.55078125,22473.55078125,0
2026-10-05 10:40:00,22474.44921875,22488.5,22468.75,22483.849609375,0
2026-10-05 10:41:00,22483.400390625,22490.599609375,22479.80078125,22489.19921875,0
2026-10-05 10:42:00,22489.19921875,22496.5,22488.349609375,22490.25,0
2026-10-05 10:43:00,22490.44921875,22500.5,22489.05078125,22490.849609375,0
2026-10-05 10:44:00,22490.75,22491.30078125,22483.25,22487.5,0
2026-10-05 10:45:00,22487.25,22492.19921875,22484.099609375,22484.849609375,0
2026-10-05 10:46:00,22484.849609375,22485.69921875,22477.19921875,22478.94921875,0
2026-10-05 10:47:00,22478.94921875,22486.349609375,22477.099609375,22484.25,0
2026-10-05 10:48:00,22484.05078125,22491.30078125,22484.05078125,22488.400390625,0
2026-10-05 10:49:00,22488.30078125,22492.55078125,22486.94921875,22486.94921875,0
2026-10-05 10:50:00,22487.849609375,22490.849609375,22483.94921875,22486.599609375,0
2026-10-05 10:51:00,22486.75,22490.650390625,22484.75,22489.80078125,0
2026-10-05 10:52:00,22489.849609375,22491.25,22479.0,22481.19921875,0
2026-10-05 10:53:00,22481.55078125,22486.5,22478.69921875,22480.349609375,0
2026-10-05 10:54:00,22480.150390625,22481.30078125,22472.900390625,22472.900390625,0
2026-10-05 10:55:00,22472.400390625,22473.150390625,22460.80078125,22471.19921875,0
2026-10-05 10:56:00,22471.44921875,22489.05078125,22471.19921875,22487.94921875,0
2026-10-05 10:57:00,22487.94921875,22500.05078125,22484.75,22497.349609375,0
2026-10-05 10:58:00,22497.75,22502.650390625,22495.55078125,22502.400390625,0
2026-10-05 10:59:00,22502.5,22511.900390625,22500.849609375,22502.55078125,0
2026-10-05 11:00:00,22502.5,22508.80078125,22500.599609375,22506.349609375,0
2026-10-05 11:01:00,22506.599609375,22507.55078125,22498.650390625,22504.849609375,0
2026-10-05 11:02:00,22504.05078125,22506.099609375,22498.25,22503.94921875,0
2026-10-05 11:03:00,22504.05078125,22505.650390625,22498.44921875,22500.94921875,0
2026-10-05 11:04:00,22500.75,22501.55078125,22496.650390625,22499.75,0
2026-10-05 11:05:00,22499.69921875,22500.94921875,22497.30078125,22498.849609375,0
2026-10-05 11:06:00,22499.150390625,22499.75,22492.0,22498.05078125,0
2026-10-05 11:07:00,22498.0,22499.650390625,22496.349609375,22497.69921875,0
2026-10-05 11:08:00,22498.05078125,22498.80078125,22489.75,22491.599609375,0
2026-10-05 11:09:00,22491.80078125,22495.55078125,22487.900390625,22495.25,0
2026-10-05 11:10:00,22495.5,22499.75,22493.94921875,22496.900390625,0
2026-10-05 11:11:00,22496.849609375,22497.55078125,22486.44921875,22493.150390625,0
2026-10-05 11:12:00,22493.150390625,22494.94921875,22488.650390625,22494.849609375,0
2026-10-05 11:13:00,22495.0,22502.150390625,22494.900390625,22499.80078125,0
2026-10-05 11:14:00,22499.55078125,22500.30078125,22485.900390625,22487.55078125,0
2026-10-05 11:15:00,22487.599609375,22491.05078125,22483.900390625,22487.400390625,0
2026-10-05 11:16:00,22487.44921875,22487.650390625,22474.30078125,22476.0,0
2026-10-05 11:17:00,22476.05078125,22478.5,22470.80078125,22474.25,0
2026-10-05 11:18:00,22474.19921875,22494.599609375,22472.19921875,22490.80078125,0
2026-10-05 11:19:00,22490.900390625,22491.900390625,22481.75,22482.44921875,0
2026-10-05 11:20:00,22482.44921875,22495.30078125,22481.349609375,22493.099609375,0
2026-10-05 11:21:00,22493.05078125,22493.80078125,22482.0,22483.75,0
2026-10-05 11:22:00,22483.55078125,22485.75,22476.849609375,22477.30078125,0
2026-10-05 11:23:00,22477.5,22477.55078125,22451.94921875,22460.400390625,0
2026-10-05 11:24:00,22459.849609375,22472.0,22458.25,22471.75,0
2026-10-05 11:25:00,22471.75,22483.80078125,22468.25,22479.25,0
2026-10-05 11:26:00,22479.150390625,22479.150390625,22471.30078125,22472.099609375,0
2026-10-05 11:27:00,22472.0,22474.650390625,22469.599609375,22473.099609375,0
2026-10-05 11:28:00,22473.099609375,22485.75,22469.900390625,22484.55078125,0
2026-10-05 11:29:00,22484.650390625,22498.599609375,22481.349609375,22498.349609375,0
2026-10-05 11:30:00,22498.55078125,22503.849609375,22494.30078125,22500.69921875,0
2026-10-05 11:31:00,22500.94921875,22503.25,22496.69921875,22500.5,0
2026-10-05 11:32:00,22500.75,22515.25,22499.80078125,22514.650390625,0
2026-10-05 11:33:00,22514.150390625,22523.44921875,22513.5,22517.849609375,0
2026-10-05 11:34:00,22517.849609375,22517.849609375,22506.30078125,22507.099609375,0
2026-10-05 11:35:00,22507.150390625,22507.75,22496.900390625,22497.44921875,0
2026-10-05 11:36:00,22497.349609375,22497.349609375,22484.900390625,22490.0,0
2026-10-05 11:37:00,22489.5,22493.55078125,22486.099609375,22489.599609375,0
2026-10-05 11:38:00,22489.69921875,22489.80078125,22483.900390625,22484.150390625,0
2026-10-05 11:39:00,22483.94921875,22483.94921875,22472.900390625,22476.30078125,0
2026-10-05 11:40:00,22476.30078125,22480.69921875,22472.0,22480.44921875,0
2026-10-05 11:41:00,22480.44921875,22491.650390625,22479.80078125,22487.150390625,0
2026-10-05 11:42:00,22487.099609375,22492.5,22479.599609375,22480.650390625,0
2026-10-05 11:43:00,22480.650390625,22483.44921875,22474.55078125,22476.849609375,0
2026-10-05 11:44:00,22476.900390625,22478.80078125,22467.599609375,22468.849609375,0
2026-10-05 11:45:00,22468.349609375,22468.349609375,22459.05078125,22463.150390625,0
2026-10-05 11:46:00,22463.349609375,22472.650390625,22459.150390625,22470.94921875,0
2026-10-05 11:47:00,22470.849609375,22474.5,22461.150390625,22461.94921875,0
2026-10-05 11:48:00,22461.94921875,22465.400390625,22459.25,22462.0,0
2026-10-05 11:49:00,22462.0,22464.349609375,22455.599609375,22460.5,0
2026-10-05 11:50:00,22460.5,22461.349609375,22440.099609375,22449.849609375,0
2026-10-05 11:51:00,22450.69921875,22456.94921875,22446.25,22447.0,0
2026-10-05 11:52:00,22445.849609375,22451.599609375,22441.55078125,22451.599609375,0
2026-10-05 11:53:00,22451.099609375,22465.44921875,22451.099609375,22464.900390625,0
2026-10-05 11:54:00,22464.900390625,22468.599609375,22460.099609375,22460.400390625,0
2026-10-05 11:55:00,22459.5,22473.05078125,22457.5,22466.19921875,0
2026-10-05 11:56:00,22466.30078125,22467.150390625,22460.150390625,22460.150390625,0
2026-10-05 11:57:00,22460.099609375,22468.44921875,22457.650390625,22463.349609375,0
2026-10-05 11:58:00,22463.75,22467.5,22446.5,22447.80078125,0
2026-10-05 11:59:00,22447.5,22448.30078125,22433.400390625,22434.19921875,0
2026-10-05 12:00:00,22434.150390625,22435.400390625,22415.599609375,22419.099609375,0
2026-10-05 12:01:00,22418.900390625,22423.05078125,22415.44921875,22420.80078125,0
2026-10-05 12:02:00,22420.849609375,22441.5,22420.849609375,22436.349609375,0
2026-10-05 12:03:00,22436.150390625,22446.30078125,22436.150390625,22444.150390625,0
2026-10-05 12:04:00,22444.30078125,22452.44921875,22442.30078125,22450.05078125,0
2026-10-05 12:05:00,22449.75,22451.0,22433.150390625,22434.94921875,0
2026-10-05 12:06:00,22435.099609375,22436.55078125,22419.0,22419.599609375,0
2026-10-05 12:07:00,22419.400390625,22420.25,22400.30078125,22411.94921875,0
2026-10-05 12:08:00,22412.05078125,22414.80078125,22397.5,22404.05078125,0
2026-10-05 12:09:00,22404.150390625,22416.0,22401.5,22415.25,0
2026-10-05 12:10:00,22415.150390625,22418.099609375,22410.30078125,22417.900390625,0
2026-10-05 12:11:00,22417.849609375,22427.900390625,22416.94921875,22425.150390625,0
2026-10-05 12:12:00,22424.900390625,22432.0,22420.44921875,22420.94921875,0
2026-10-05 12:13:00,22420.900390625,22422.30078125,22413.0,22414.44921875,0
2026-10-05 12:14:00,22414.5,22421.150390625,22413.94921875,22419.94921875,0
2026-10-05 12:15:00,22419.400390625,22429.900390625,22416.849609375,22427.94921875,0
2026-10-05 12:16:00,22427.75,22429.900390625,22424.099609375,22425.099609375,0
2026-10-05 12:17:00,22425.05078125,22431.599609375,22423.599609375,22430.099609375,0
2026-10-05 12:18:00,22430.0,22436.0,22429.55078125,22431.19921875,0
2026-10-05 12:19:00,22431.400390625,22433.650390625,22428.5,22430.150390625,0
2026-10-05 12:20:00,22430.0,22439.650390625,22429.69921875,22436.599609375,0
2026-10-05 12:21:00,22436.849609375,22441.0,22435.30078125,22437.94921875,0
2026-10-05 12:22:00,22438.150390625,22445.44921875,22436.599609375,22444.099609375,0
2026-10-05 12:23:00,22444.150390625,22452.69921875,22444.150390625,22447.400390625,0
2026-10-05 12:24:00,22447.55078125,22457.25,22436.80078125,22438.25,0
2026-10-05 12:25:00,22438.69921875,22450.849609375,22436.69921875,22448.94921875,0
2026-10-05 12:26:00,22448.849609375,22451.900390625,22439.94921875,22441.099609375,0
2026-10-05 12:27:00,22441.05078125,22446.80078125,22434.94921875,22445.75,0
2026-10-05 12:28:00,22445.75,22455.349609375,22445.099609375,22452.05078125,0
2026-10-05 12:29:00,22451.80078125,22464.349609375,22449.150390625,22458.80078125,0
2026-10-05 12:30:00,22458.80078125,22464.5,22450.900390625,22460.150390625,0
2026-10-05 12:31:00,22460.150390625,22461.55078125,22446.849609375,22449.19921875,0
2026-10-05 12:32:00,22449.5,22453.599609375,22445.650390625,22450.05078125,0
2026-10-05 12:33:00,22449.55078125,22453.849609375,22447.150390625,22449.849609375,0
2026-10-05 12:34:00,22449.75,22450.400390625,22443.75,22443.75,0
2026-10-05 12:35:00,22444.5,22457.44921875,22441.19921875,22454.19921875,0
2026-10-05 12:36:00,22454.19921875,22457.5,22450.25,22451.099609375,0
2026-10-05 12:37:00,22451.25,22452.099609375,22447.05078125,22449.55078125,0
2026-10-05 12:38:00,22449.5,22455.55078125,22446.55078125,22448.55078125,0
2026-10-05 12:39:00,22448.19921875,22450.400390625,22446.05078125,22446.5,0
2026-10-05 12:40:00,22446.599609375,22455.75,22443.849609375,22450.900390625,0
2026-10-05 12:41:00,22450.650390625,22454.80078125,22450.349609375,22453.69921875,0
2026-10-05 12:42:00,22453.25,22460.80078125,22451.80078125,22460.80078125,0
2026-10-05 12:43:00,22460.75,22463.349609375,22456.400390625,22458.849609375,0
2026-10-05 12:44:00,22458.849609375,22459.69921875,22453.55078125,22454.650390625,0
2026-10-05 12:45:00,22454.599609375,22458.80078125,22453.75,22456.599609375,0
2026-10-05 12:46:00,22456.44921875,22469.349609375,22454.75,22466.349609375,0
2026-10-05 12:47:00,22466.349609375,22472.599609375,22464.75,22469.900390625,0
2026-10-05 12:48:00,22469.900390625,22478.150390625,22468.5,22474.30078125,0
2026-10-05 12:49:00,22474.099609375,22476.349609375,22460.599609375,22462.44921875,0
2026-10-05 12:50:00,22462.400390625,22472.849609375,22461.650390625,22472.0,0
2026-10-05 12:51:00,22471.94921875,22481.05078125,22470.900390625,22474.75,0
2026-10-05 12:52:00,22474.75,22476.30078125,22458.30078125,22458.400390625,0
2026-10-05 12:53:00,22458.599609375,22462.5,22449.349609375,22449.44921875,0
2026-10-05 12:54:00,22449.099609375,22449.19921875,22434.80078125,22444.099609375,0
2026-10-05 12:55:00,22444.599609375,22453.650390625,22444.349609375,22449.75,0
2026-10-05 12:56:00,22449.80078125,22456.55078125,22442.5,22448.55078125,0
2026-10-05 12:57:00,22448.599609375,22465.05078125,22448.599609375,22459.0,0
2026-10-05 12:58:00,22458.900390625,22465.5,22451.55078125,22452.05078125,0
2026-10-05 12:59:00,22452.0,22455.55078125,22448.25,22453.75,0
2026-10-05 13:00:00,22453.69921875,22454.94921875,22443.25,22444.599609375,0
2026-10-05 13:01:00,22444.349609375,22458.44921875,22444.150390625,22451.5,0
2026-10-05 13:02:00,22451.5,22458.75,22449.599609375,22458.349609375,0
2026-10-05 13:03:00,22458.44921875,22464.19921875,22457.80078125,22461.650390625,0
2026-10-05 13:04:00,22462.150390625,22465.19921875,22458.19921875,22464.150390625,0
2026-10-05 13:05:00,22463.94921875,22471.0,22462.599609375,22468.400390625,0
2026-10-05 13:06:00,22468.44921875,22475.05078125,22461.5,22473.69921875,0
2026-10-05 13:07:00,22473.19921875,22474.75,22461.099609375,22461.349609375,0
2026-10-05 13:08:00,22461.349609375,22464.349609375,22459.30078125,22461.80078125,0
2026-10-05 13:09:00,22461.75,22468.0,22460.599609375,22462.25,0
2026-10-05 13:10:00,22462.400390625,22468.900390625,22459.30078125,22468.900390625,0
2026-10-05 13:11:00,22468.19921875,22475.25,22467.25,22468.0,0
2026-10-05 13:12:00,22468.05078125,22469.900390625,22457.599609375,22459.75,0
2026-10-05 13:13:00,22460.25,22468.0,22458.69921875,22467.05078125,0
2026-10-05 13:14:00,22467.0,22470.5,22464.44921875,22470.5,0
2026-10-05 13:15:00,22470.44921875,22479.44921875,22470.44921875,22474.650390625,0
2026-10-05 13:16:00,22474.400390625,22477.0,22467.599609375,22467.80078125,0
2026-10-05 13:17:00,22467.80078125,22468.849609375,22464.150390625,22468.05078125,0
2026-10-05 13:18:00,22468.150390625,22477.400390625,22467.849609375,22475.80078125,0
2026-10-05 13:19:00,22475.80078125,22484.0,22475.599609375,22477.900390625,0
2026-10-05 13:20:00,22478.349609375,22480.05078125,22471.599609375,22471.900390625,0
2026-10-05 13:21:00,22471.900390625,22479.05078125,22467.099609375,22477.599609375,0
2026-10-05 13:22:00,22477.75,22485.099609375,22477.75,22479.75,0
2026-10-05 13:23:00,22480.55078125,22481.55078125,22474.650390625,22475.349609375,0
2026-10-05 13:24:00,22475.650390625,22476.099609375,22467.099609375,22467.25,0
2026-10-05 13:25:00,22467.349609375,22469.44921875,22464.69921875,22468.099609375,0
2026-10-05 13:26:00,22468.150390625,22469.05078125,22456.19921875,22456.75,0
2026-10-05 13:27:00,22456.75,22458.5,22452.69921875,22454.650390625,0
2026-10-05 13:28:00,22454.650390625,22462.650390625,22453.349609375,22461.099609375,0
2026-10-05 13:29:00,22461.599609375,22465.05078125,22458.400390625,22463.80078125,0
2026-10-05 13:30:00,22463.80078125,22468.19921875,22463.349609375,22465.099609375,0
2026-10-05 13:31:00,22465.150390625,22471.349609375,22461.75,22469.19921875,0
2026-10-05 13:32:00,22469.400390625,22476.5,22466.650390625,22468.44921875,0
2026-10-05 13:33:00,22468.25,22472.099609375,22466.69921875,22469.25,0
2026-10-05 13:34:00,22469.599609375,22474.5,22467.0,22474.30078125,0
2026-10-05 13:35:00,22474.25,22479.349609375,22473.5,22477.349609375,0
2026-10-05 13:36:00,22477.44921875,22495.349609375,22477.150390625,22492.69921875,0
2026-10-05 13:37:00,22492.75,22498.94921875,22491.599609375,22493.94921875,0
2026-10-05 13:38:00,22494.30078125,22496.44921875,22488.94921875,22494.5,0
2026-10-05 13:39:00,22494.30078125,22508.400390625,22492.44921875,22506.94921875,0
2026-10-05 13:40:00,22506.94921875,22545.599609375,22506.94921875,22540.19921875,0
2026-10-05 13:41:00,22540.349609375,22557.30078125,22540.349609375,22556.349609375,0
2026-10-05 13:42:00,22556.44921875,22559.05078125,22540.19921875,22554.849609375,0
2026-10-05 13:43:00,22554.400390625,22557.099609375,22545.94921875,22549.69921875,0
2026-10-05 13:44:00,22549.69921875,22555.650390625,22536.650390625,22555.150390625,0
2026-10-05 13:45:00,22555.400390625,22569.400390625,22555.400390625,22555.55078125,0
2026-10-05 13:46:00,22555.5,22556.69921875,22546.650390625,22548.650390625,0
2026-10-05 13:47:00,22548.650390625,22553.400390625,22543.05078125,22551.349609375,0
2026-10-05 13:48:00,22551.349609375,22552.0,22541.25,22541.900390625,0
2026-10-05 13:49:00,22541.94921875,22548.44921875,22532.400390625,22541.55078125,0
2026-10-05 13:50:00,22541.650390625,22548.900390625,22539.150390625,22547.849609375,0
2026-10-05 13:51:00,22548.0,22553.849609375,22547.19921875,22551.900390625,0
2026-10-05 13:52:00,22551.94921875,22561.099609375,22550.75,22555.5,0
2026-10-05 13:53:00,22555.55078125,22560.80078125,22553.650390625,22556.849609375,0
2026-10-05 13:54:00,22556.75,22561.900390625,22555.099609375,22560.900390625,0
2026-10-05 13:55:00,22560.650390625,22561.5,22553.30078125,22556.0,0
2026-10-05 13:56:00,22555.900390625,22557.349609375,22546.849609375,22555.400390625,0
2026-10-05 13:57:00,22555.0,22559.599609375,22549.599609375,22552.900390625,0
2026-10-05 13:58:00,22552.900390625,22555.150390625,22537.30078125,22540.599609375,0
2026-10-05 13:59:00,22540.55078125,22549.099609375,22537.849609375,22541.900390625,0
2026-10-05 14:00:00,22542.099609375,22545.849609375,22539.19921875,22543.44921875,0
2026-10-05 14:01:00,22543.30078125,22547.75,22541.150390625,22546.05078125,0
2026-10-05 14:02:00,22546.099609375,22550.650390625,22541.099609375,22549.0,0
2026-10-05 14:03:00,22548.94921875,22553.900390625,22540.55078125,22541.900390625,0
2026-10-05 14:04:00,22541.30078125,22542.75,22499.5,22516.849609375,0
2026-10-05 14:05:00,22516.94921875,22525.5,22509.900390625,22512.19921875,0
2026-10-05 14:06:00,22512.150390625,22514.55078125,22492.94921875,22496.599609375,0
2026-10-05 14:07:00,22496.69921875,22513.5,22493.849609375,22510.599609375,0
2026-10-05 14:08:00,22510.30078125,22519.69921875,22509.900390625,22517.650390625,0
2026-10-05 14:09:00,22517.80078125,22527.599609375,22515.849609375,22519.400390625,0
2026-10-05 14:10:00,22519.25,22534.44921875,22518.25,22528.599609375,0
2026-10-05 14:11:00,22528.5,22531.30078125,22523.75,22528.05078125,0
2026-10-05 14:12:00,22528.05078125,22531.900390625,22524.75,22526.44921875,0
2026-10-05 14:13:00,22526.349609375,22562.55078125,22520.80078125,22561.599609375,0
2026-10-05 14:14:00,22561.5,22563.849609375,22543.599609375,22546.19921875,0
2026-10-05 14:15:00,22545.900390625,22547.55078125,22525.69921875,22526.69921875,0
2026-10-05 14:16:00,22527.099609375,22530.94921875,22524.30078125,22526.05078125,0
2026-10-05 14:17:00,22526.349609375,22528.80078125,22521.75,22523.349609375,0
2026-10-05 14:18:00,22522.0,22529.75,22522.0,22529.25,0
2026-10-05 14:19:00,22529.30078125,22554.55078125,22529.30078125,22554.55078125,0
2026-10-05 14:20:00,22554.25,22555.900390625,22548.150390625,22555.150390625,0
2026-10-05 14:21:00,22555.150390625,22559.30078125,22553.400390625,22556.05078125,0
2026-10-05 14:22:00,22556.5,22557.19921875,22550.900390625,22551.900390625,0
2026-10-05 14:23:00,22551.849609375,22552.900390625,22545.25,22546.650390625,0
2026-10-05 14:24:00,22546.44921875,22551.650390625,22541.69921875,22542.900390625,0
2026-10-05 14:25:00,22542.900390625,22551.349609375,22540.69921875,22546.25,0
2026-10-05 14:26:00,22546.099609375,22549.94921875,22545.150390625,22548.5,0
2026-10-05 14:27:00,22548.19921875,22553.650390625,22547.19921875,22550.849609375,0
2026-10-05 14:28:00,22550.849609375,22553.599609375,22548.19921875,22551.5,0
2026-10-05 14:29:00,22550.94921875,22558.5,22549.099609375,22555.599609375,0
2026-10-05 14:30:00,22555.19921875,22558.75,22550.650390625,22551.349609375,0
2026-10-05 14:31:00,22551.05078125,22552.25,22542.0,22545.599609375,0
2026-10-05 14:32:00,22545.75,22558.69921875,22545.400390625,22557.599609375,0
2026-10-05 14:33:00,22557.599609375,22559.19921875,22552.900390625,22556.69921875,0
2026-10-05 14:34:00,22556.75,22557.80078125,22550.0,22553.099609375,0
2026-10-05 14:35:00,22553.099609375,22554.099609375,22549.650390625,22552.0,0
2026-10-05 14:36:00,22552.05078125,22556.0,22547.80078125,22555.150390625,0
2026-10-05 14:37:00,22555.44921875,22557.150390625,22550.349609375,22554.0,0
2026-10-05 14:38:00,22554.0,22556.75,22550.650390625,22551.650390625,0
2026-10-05 14:39:00,22551.900390625,22552.55078125,22541.150390625,22541.80078125,0
2026-10-05 14:40:00,22541.75,22543.150390625,22539.30078125,22540.150390625,0
2026-10-05 14:41:00,22540.150390625,22541.75,22536.900390625,22538.05078125,0
2026-10-05 14:42:00,22538.0,22553.349609375,22537.0,22552.099609375,0
2026-10-05 14:43:00,22552.0,22553.349609375,22549.0,22551.349609375,0
2026-10-05 14:44:00,22551.349609375,22553.80078125,22548.650390625,22553.400390625,0
2026-10-05 14:45:00,22553.349609375,22558.099609375,22551.150390625,22551.94921875,0
2026-10-05 14:46:00,22551.25,22552.849609375,22544.150390625,22545.5,0
2026-10-05 14:47:00,22546.19921875,22548.19921875,22543.55078125,22545.150390625,0
2026-10-05 14:48:00,22544.80078125,22548.900390625,22539.150390625,22547.349609375,0
2026-10-05 14:49:00,22547.349609375,22551.80078125,22535.599609375,22537.099609375,0
2026-10-05 14:50:00,22537.150390625,22543.30078125,22535.599609375,22542.400390625,0
2026-10-05 14:51:00,22542.25,22545.0,22540.0,22543.19921875,0
2026-10-05 14:52:00,22543.150390625,22545.099609375,22533.400390625,22536.0,0
2026-10-05 14:53:00,22535.349609375,22549.55078125,22535.349609375,22546.55078125,0
2026-10-05 14:54:00,22546.55078125,22554.900390625,22545.400390625,22553.599609375,0
2026-10-05 14:55:00,22553.44921875,22554.80078125,22543.94921875,22546.400390625,0
2026-10-05 14:56:00,22546.5,22548.69921875,22541.150390625,22545.150390625,0
2026-10-05 14:57:00,22545.150390625,22547.5,22536.94921875,22539.30078125,0
2026-10-05 14:58:00,22539.19921875,22543.349609375,22533.80078125,22535.400390625,0
2026-10-05 14:59:00,22535.400390625,22539.0,22534.0,22537.25,0
2026-10-05 15:00:00,22537.25,22540.599609375,22534.0,22534.25,0
2026-10-05 15:01:00,22534.05078125,22534.44921875,22520.5,22522.150390625,0
2026-10-05 15:02:00,22522.30078125,22524.55078125,22521.05078125,22523.19921875,0
2026-10-05 15:03:00,22523.400390625,22527.349609375,22516.25,22517.0,0
2026-10-05 15:04:00,22517.19921875,22526.099609375,22516.30078125,22519.349609375,0
2026-10-05 15:05:00,22519.5,22528.25,22519.099609375,22526.75,0
2026-10-05 15:06:00,22526.94921875,22528.849609375,22523.80078125,22527.75,0
2026-10-05 15:07:00,22527.900390625,22533.5,22527.349609375,22531.25,0
2026-10-05 15:08:00,22530.94921875,22531.30078125,22518.150390625,22519.099609375,0
2026-10-05 15:09:00,22519.44921875,22523.05078125,22514.900390625,22521.30078125,0
2026-10-05 15:10:00,22521.25,22535.19921875,22521.25,22534.099609375,0
2026-10-05 15:11:00,22534.05078125,22534.94921875,22526.44921875,22527.94921875,0
2026-10-05 15:12:00,22528.099609375,22534.599609375,22520.55078125,22533.849609375,0
2026-10-05 15:13:00,22533.80078125,22539.55078125,22529.94921875,22534.5,0
2026-10-05 15:14:00,22533.44921875,22551.900390625,22532.5,22535.30078125,0
2026-10-05 15:15:00,22535.44921875,22535.44921875,22535.44921875,22535.44921875,0
2026-10-05 15:16:00,22535.44921875,22535.44921875,22535.44921875,22535.44921875,0
2026-10-05 15:17:00,22535.44921875,22535.44921875,22535.44921875,22535.44921875,0
2026-10-05 15:18:00,22535.44921875,22535.44921875,22535.44921875,22535.44921875,0
2026-10-05 15:19:00,22535.44921875,22535.44921875,22535.44921875,22535.44921875,0
2026-10-05 15:20:00,22535.44921875,22535.44921875,22535.44921875,22535.44921875,0
2026-10-05 15:21:00,22535.44921875,22535.44921875,22535.44921875,22535.44921875,0
2026-10-05 15:22:00,22535.44921875,22535.44921875,22535.44921875,22535.44921875,0
2026-10-05 15:23:00,22535.44921875,22535.44921875,22535.44921875,22535.44921875,0
2026-10-05 15:24:00,22535.44921875,22535.44921875,22535.44921875,22535.44921875,0
2026-10-05 15:25:00,22535.44921875,22535.44921875,22535.44921875,22535.44921875,0
2026-10-05 15:26:00,22535.44921875,22535.44921875,22535.44921875,22535.44921875,0
2026-10-05 15:27:00,22535.44921875,22535.44921875,22535.44921875,22535.44921875,0
2026-10-05 15:28:00,22535.44921875,22535.44921875,22535.44921875,22535.44921875,0
2026-10-05 15:29:00,22535.44921875,22555.75,22535.44921875,22555.75,0
2026-10-06 09:15:00,22603.25,22626.650390625,22572.400390625,22572.400390625,0
2026-10-06 09:16:00,22572.5,22581.44921875,22561.80078125,22580.55078125,0
2026-10-06 09:17:00,22579.44921875,22591.25,22577.75,22590.19921875,0
2026-10-06 09:18:00,22590.30078125,22598.849609375,22590.30078125,22593.55078125,0
2026-10-06 09:19:00,22593.05078125,22593.30078125,22577.599609375,22585.0,0
2026-10-06 09:20:00,22584.75,22587.599609375,22567.5,22569.349609375,0
2026-10-06 09:21:00,22569.099609375,22578.55078125,22566.849609375,22573.650390625,0
2026-10-06 09:22:00,22573.55078125,22590.099609375,22572.05078125,22586.0,0
2026-10-06 09:23:00,22586.099609375,22589.849609375,22581.650390625,22589.05078125,0
2026-10-06 09:24:00,22588.75,22601.94921875,22586.94921875,22600.099609375,0
2026-10-06 09:25:00,22600.150390625,22601.349609375,22591.650390625,22596.55078125,0
2026-10-06 09:26:00,22596.30078125,22599.150390625,22595.0,22595.30078125,0
2026-10-06 09:27:00,22595.650390625,22600.0,22590.05078125,22598.55078125,0
2026-10-06 09:28:00,22598.099609375,22601.05078125,22594.5,22597.599609375,0
2026-10-06 09:29:00,22597.599609375,22598.80078125,22593.150390625,22595.900390625,0
2026-10-06 09:30:00,22595.849609375,22606.150390625,22593.55078125,22601.69921875,0
2026-10-06 09:31:00,22601.650390625,22603.5,22591.25,22591.25,0
2026-10-06 09:32:00,22591.150390625,22605.55078125,22589.55078125,22604.80078125,0
2026-10-06 09:33:00,22604.599609375,22610.650390625,22603.55078125,22607.55078125,0
2026-10-06 09:34:00,22607.5,22615.94921875,22607.5,22611.75,0
2026-10-06 09:35:00,22611.80078125,22613.94921875,22606.099609375,22611.599609375,0
2026-10-06 09:36:00,22611.650390625,22612.150390625,22601.849609375,22604.650390625,0
2026-10-06 09:37:00,22604.349609375,22618.94921875,22602.80078125,22618.099609375,0
2026-10-06 09:38:00,22617.69921875,22619.349609375,22613.400390625,22614.650390625,0
2026-10-06 09:39:00,22614.650390625,22621.19921875,22612.349609375,22620.44921875,0
2026-10-06 09:40:00,22620.19921875,22629.650390625,22620.19921875,22626.05078125,0
2026-10-06 09:41:00,22626.25,22627.099609375,22621.94921875,22624.55078125,0
2026-10-06 09:42:00,22624.80078125,22624.849609375,22614.099609375,22617.150390625,0
2026-10-06 09:43:00,22617.30078125,22623.0,22615.099609375,22621.5,0
2026-10-06 09:44:00,22621.5,22621.55078125,22610.349609375,22613.150390625,0
2026-10-06 09:45:00,22612.69921875,22620.44921875,22611.75,22620.349609375,0
2026-10-06 09:46:00,22620.19921875,22627.30078125,22619.69921875,22621.80078125,0
2026-10-06 09:47:00,22621.849609375,22635.69921875,22618.75,22635.349609375,0
2026-10-06 09:48:00,22634.5,22637.69921875,22631.69921875,22636.75,0
2026-10-06 09:49:00,22636.69921875,22636.69921875,22629.75,22633.44921875,0
2026-10-06 09:50:00,22633.150390625,22639.5,22631.75,22637.25,0
2026-10-06 09:51:00,22636.25,22637.05078125,22630.19921875,22630.19921875,0
2026-10-06 09:52:00,22630.099609375,22631.849609375,22623.44921875,22630.25,0
2026-10-06 09:53:00,22630.25,22635.75,22626.5,22633.849609375,0
2026-10-06 09:54:00,22633.30078125,22642.5,22632.650390625,22642.5,0
2026-10-06 09:55:00,22642.5,22652.44921875,22642.099609375,22649.349609375,0
2026-10-06 09:56:00,22649.44921875,22663.69921875,22649.05078125,22662.650390625,0
2026-10-06 09:57:00,22662.900390625,22667.349609375,22661.30078125,22661.849609375,0
2026-10-06 09:58:00,22662.05078125,22663.05078125,22656.80078125,22660.349609375,0
2026-10-06 09:59:00,22660.19921875,22663.75,22656.849609375,22658.150390625,0
2026-10-06 10:00:00,22658.099609375,22665.400390625,22658.099609375,22660.75,0
2026-10-06 10:01:00,22660.69921875,22661.349609375,22653.94921875,22658.19921875,0
2026-10-06 10:02:00,22658.19921875,22660.25,22651.19921875,22654.650390625,0
2026-10-06 10:03:00,22654.44921875,22655.099609375,22647.69921875,22648.599609375,0
2026-10-06 10:04:00,22648.19921875,22653.0,22645.44921875,22651.650390625,0
2026-10-06 10:05:00,22651.650390625,22653.55078125,22645.44921875,22646.650390625,0
2026-10-06 10:06:00,22646.599609375,22649.25,22640.5,22648.19921875,0
2026-10-06 10:07:00,22648.650390625,22649.900390625,22636.150390625,22638.0,0
2026-10-06 10:08:00,22637.599609375,22642.849609375,22634.849609375,22636.19921875,0
2026-10-06 10:09:00,22636.55078125,22638.099609375,22622.400390625,22627.80078125,0
2026-10-06 10:10:00,22627.349609375,22637.099609375,22616.19921875,22636.349609375,0
2026-10-06 10:11:00,22636.25,22637.5,22630.94921875,22632.05078125,0
2026-10-06 10:12:00,22632.099609375,22638.19921875,22631.69921875,22637.80078125,0
2026-10-06 10:13:00,22637.55078125,22643.94921875,22636.650390625,22642.5,0
2026-10-06 10:14:00,22642.599609375,22653.0,22641.44921875,22651.94921875,0
2026-10-06 10:15:00,22652.349609375,22660.44921875,22651.25,22658.650390625,0
2026-10-06 10:16:00,22658.650390625,22659.349609375,22652.150390625,22655.650390625,0
2026-10-06 10:17:00,22655.900390625,22663.900390625,22654.849609375,22658.650390625,0
2026-10-06 10:18:00,22658.900390625,22661.25,22656.849609375,22658.5,0
2026-10-06 10:19:00,22658.69921875,22661.849609375,22645.25,22645.69921875,0
2026-10-06 10:20:00,22646.25,22648.849609375,22641.05078125,22645.30078125,0
2026-10-06 10:21:00,22645.30078125,22647.0,22641.55078125,22642.80078125,0
2026-10-06 10:22:00,22643.0,22650.25,22640.30078125,22649.349609375,0
2026-10-06 10:23:00,22648.849609375,22649.400390625,22642.900390625,22649.150390625,0
2026-10-06 10:24:00,22649.150390625,22655.0,22648.900390625,22650.0,0
2026-10-06 10:25:00,22650.099609375,22654.900390625,22648.55078125,22654.05078125,0
2026-10-06 10:26:00,22653.849609375,22655.150390625,22649.44921875,22649.80078125,0
2026-10-06 10:27:00,22649.25,22649.94921875,22641.25,22643.400390625,0
2026-10-06 10:28:00,22643.5,22648.69921875,22641.75,22647.599609375,0
2026-10-06 10:29:00,22647.44921875,22651.099609375,22644.900390625,22650.349609375,0
2026-10-06 10:30:00,22650.0,22650.849609375,22647.400390625,22648.349609375,0
2026-10-06 10:31:00,22648.19921875,22654.5,22647.80078125,22651.0,0
2026-10-06 10:32:00,22650.75,22653.75,22643.900390625,22645.099609375,0
2026-10-06 10:33:00,22645.0,22653.099609375,22644.400390625,22652.099609375,0
2026-10-06 10:34:00,22652.400390625,22662.650390625,22652.150390625,22659.599609375,0
2026-10-06 10:35:00,22659.099609375,22664.349609375,22656.150390625,22663.69921875,0
2026-10-06 10:36:00,22663.650390625,22665.400390625,22658.099609375,22663.94921875,0
2026-10-06 10:37:00,22664.150390625,22670.55078125,22663.05078125,22668.650390625,0
2026-10-06 10:38:00,22668.349609375,22671.349609375,22667.94921875,22668.099609375,0
2026-10-06 10:39:00,22668.400390625,22672.150390625,22668.05078125,22670.30078125,0
2026-10-06 10:40:00,22670.94921875,22672.349609375,22662.30078125,22665.05078125,0
2026-10-06 10:41:00,22665.150390625,22667.150390625,22661.75,22666.19921875,0
2026-10-06 10:42:00,22666.400390625,22670.75,22666.05078125,22669.44921875,0
2026-10-06 10:43:00,22669.75,22675.55078125,22667.5,22674.05078125,0
2026-10-06 10:44:00,22674.150390625,22677.94921875,22669.150390625,22675.55078125,0
2026-10-06 10:45:00,22675.650390625,22677.099609375,22665.900390625,22668.30078125,0
2026-10-06 10:46:00,22668.400390625,22671.75,22664.75,22666.05078125,0
2026-10-06 10:47:00,22665.900390625,22667.650390625,22658.80078125,22664.80078125,0
2026-10-06 10:48:00,22664.650390625,22669.55078125,22664.599609375,22666.900390625,0
2026-10-06 10:49:00,22667.0,22671.400390625,22666.099609375,22670.400390625,0
2026-10-06 10:50:00,22670.30078125,22671.599609375,22663.900390625,22664.44921875,0
2026-10-06 10:51:00,22664.55078125,22666.55078125,22662.05078125,22663.5,0
2026-10-06 10:52:00,22663.55078125,22667.900390625,22659.150390625,22666.599609375,0
2026-10-06 10:53:00,22666.44921875,22669.05078125,22661.400390625,22661.94921875,0
2026-10-06 10:54:00,22661.900390625,22664.5,22659.650390625,22662.900390625,0
2026-10-06 10:55:00,22662.900390625,22667.0,22661.400390625,22662.900390625,0
2026-10-06 10:56:00,22662.900390625,22665.69921875,22657.849609375,22659.30078125,0
2026-10-06 10:57:00,22659.05078125,22659.900390625,22653.900390625,22656.69921875,0
2026-10-06 10:58:00,22656.599609375,22659.099609375,22651.400390625,22652.849609375,0
2026-10-06 10:59:00,22652.80078125,22662.19921875,22652.400390625,22661.19921875,0
2026-10-06 11:00:00,22661.099609375,22668.599609375,22660.599609375,22662.0,0
2026-10-06 11:01:00,22662.0,22669.0,22659.30078125,22667.75,0
2026-10-06 11:02:00,22667.55078125,22672.400390625,22664.099609375,22672.400390625,0
2026-10-06 11:03:00,22672.30078125,22677.69921875,22670.30078125,22673.44921875,0
2026-10-06 11:04:00,22673.599609375,22678.80078125,22671.900390625,22677.099609375,0
2026-10-06 11:05:00,22677.099609375,22690.599609375,22676.650390625,22689.25,0
2026-10-06 11:06:00,22689.150390625,22692.849609375,22682.80078125,22686.0,0
2026-10-06 11:07:00,22686.599609375,22686.69921875,22678.69921875,22678.900390625,0
2026-10-06 11:08:00,22678.94921875,22683.94921875,22675.5,22682.19921875,0
2026-10-06 11:09:00,22681.650390625,22685.400390625,22679.900390625,22682.94921875,0
2026-10-06 11:10:00,22682.650390625,22685.55078125,22678.55078125,22683.75,0
2026-10-06 11:11:00,22683.849609375,22685.69921875,22680.5,22681.69921875,0
2026-10-06 11:12:00,22681.80078125,22684.150390625,22676.44921875,22677.94921875,0
2026-10-06 11:13:00,22677.94921875,22681.900390625,22670.650390625,22681.25,0
2026-10-06 11:14:00,22681.19921875,22682.44921875,22676.75,22678.0,0
2026-10-06 11:15:00,22678.94921875,22686.0,22678.69921875,22684.25,0
2026-10-06 11:16:00,22684.150390625,22684.94921875,22674.900390625,22676.349609375,0
2026-10-06 11:17:00,22676.30078125,22682.900390625,22676.19921875,22679.849609375,0
2026-10-06 11:18:00,22680.25,22684.900390625,22678.0,22683.150390625,0
2026-10-06 11:19:00,22683.099609375,22687.349609375,22683.099609375,22684.75,0
2026-10-06 11:20:00,22685.05078125,22690.0,22682.80078125,22683.44921875,0
2026-10-06 11:21:00,22683.650390625,22683.650390625,22679.44921875,22681.0,0
2026-10-06 11:22:00,22681.19921875,22681.349609375,22676.0,22676.25,0
2026-10-06 11:23:00,22676.400390625,22678.05078125,22674.5,22676.0,0
2026-10-06 11:24:00,22675.94921875,22679.94921875,22674.80078125,22678.19921875,0
2026-10-06 11:25:00,22678.19921875,22679.849609375,22671.69921875,22679.099609375,0
2026-10-06 11:26:00,22679.25,22679.599609375,22673.80078125,22677.599609375,0
2026-10-06 11:27:00,22677.69921875,22678.599609375,22675.099609375,22676.0,0
2026-10-06 11:28:00,22676.150390625,22682.400390625,22676.05078125,22679.25,0
2026-10-06 11:29:00,22679.349609375,22680.5,22672.349609375,22675.30078125,0
2026-10-06 11:30:00,22675.150390625,22676.55078125,22673.599609375,22674.94921875,0
2026-10-06 11:31:00,22675.599609375,22676.099609375,22671.900390625,22673.25,0
2026-10-06 11:32:00,22673.30078125,22673.55078125,22670.150390625,22672.69921875,0
2026-10-06 11:33:00,22672.30078125,22675.900390625,22671.80078125,22672.900390625,0
2026-10-06 11:34:00,22673.0,22679.44921875,22672.5,22678.75,0
2026-10-06 11:35:00,22678.849609375,22678.849609375,22670.5,22671.5,0
2026-10-06 11:36:00,22671.94921875,22674.099609375,22668.0,22672.75,0
2026-10-06 11:37:00,22672.400390625,22678.75,22669.69921875,22678.44921875,0
2026-10-06 11:38:00,22678.55078125,22682.55078125,22678.099609375,22680.150390625,0
2026-10-06 11:39:00,22680.19921875,22682.599609375,22677.75,22681.19921875,0
2026-10-06 11:40:00,22681.55078125,22682.94921875,22679.650390625,22682.19921875,0
2026-10-06 11:41:00,22682.349609375,22685.400390625,22679.94921875,22680.25,0
2026-10-06 11:42:00,22680.25,22683.55078125,22677.650390625,22683.0,0
2026-10-06 11:43:00,22683.05078125,22686.150390625,22681.0,22684.349609375,0
2026-10-06 11:44:00,22684.349609375,22692.0,22682.55078125,22689.80078125,0
2026-10-06 11:45:00,22689.80078125,22698.94921875,22687.19921875,22696.80078125,0
2026-10-06 11:46:00,22696.80078125,22697.349609375,22692.150390625,22694.150390625,0
2026-10-06 11:47:00,22694.30078125,22697.55078125,22693.19921875,22694.25,0
2026-10-06 11:48:00,22694.5,22698.05078125,22694.099609375,22697.849609375,0
2026-10-06 11:49:00,22698.0,22700.69921875,22696.650390625,22699.5,0
2026-10-06 11:50:00,22699.150390625,22699.150390625,22685.44921875,22686.0,0
2026-10-06 11:51:00,22686.400390625,22686.55078125,22677.599609375,22681.25,0
2026-10-06 11:52:00,22681.19921875,22683.400390625,22675.849609375,22677.80078125,0
2026-10-06 11:53:00,22677.80078125,22686.94921875,22676.099609375,22686.05078125,0
2026-10-06 11:54:00,22686.099609375,22688.650390625,22680.099609375,22680.599609375,0
2026-10-06 11:55:00,22680.849609375,22680.849609375,22677.44921875,22679.150390625,0
2026-10-06 11:56:00,22679.150390625,22686.400390625,22679.099609375,22684.55078125,0
2026-10-06 11:57:00,22684.400390625,22686.849609375,22683.650390625,22684.69921875,0
2026-10-06 11:58:00,22684.599609375,22686.69921875,22681.80078125,22683.30078125,0
2026-10-06 11:59:00,22683.19921875,22687.650390625,22682.150390625,22686.44921875,0
2026-10-06 12:00:00,22686.5,22687.099609375,22679.900390625,22681.900390625,0
2026-10-06 12:01:00,22682.05078125,22695.80078125,22682.05078125,22694.599609375,0
2026-10-06 12:02:00,22694.650390625,22697.099609375,22690.30078125,22692.5,0
2026-10-06 12:03:00,22692.349609375,22693.400390625,22688.30078125,22689.599609375,0
2026-10-06 12:04:00,22689.650390625,22697.400390625,22689.650390625,22695.75,0
2026-10-06 12:05:00,22695.650390625,22699.599609375,22691.69921875,22691.80078125,0
2026-10-06 12:06:00,22691.650390625,22693.69921875,22678.349609375,22679.400390625,0
2026-10-06 12:07:00,22679.349609375,22682.94921875,22677.599609375,22680.44921875,0
2026-10-06 12:08:00,22680.650390625,22685.75,22679.69921875,22684.400390625,0
2026-10-06 12:09:00,22684.400390625,22685.55078125,22675.94921875,22676.599609375,0
2026-10-06 12:10:00,22676.650390625,22678.75,22673.0,22677.69921875,0
2026-10-06 12:11:00,22678.099609375,22678.69921875,22672.099609375,22673.150390625,0
2026-10-06 12:12:00,22673.5,22674.44921875,22667.25,22668.400390625,0
2026-10-06 12:13:00,22668.5,22671.55078125,22666.900390625,22667.75,0
2026-10-06 12:14:00,22667.849609375,22672.69921875,22666.75,22670.44921875,0
2026-10-06 12:15:00,22670.55078125,22676.44921875,22669.599609375,22675.5,0
2026-10-06 12:16:00,22675.69921875,22681.69921875,22674.849609375,22676.19921875,0
2026-10-06 12:17:00,22676.099609375,22686.599609375,22675.400390625,22684.75,0
2026-10-06 12:18:00,22684.900390625,22688.400390625,22679.05078125,22681.94921875,0
2026-10-06 12:19:00,22682.05078125,22689.19921875,22681.44921875,22684.599609375,0
2026-10-06 12:20:00,22684.599609375,22688.349609375,22683.900390625,22687.75,0
2026-10-06 12:21:00,22688.05078125,22688.44921875,22684.69921875,22686.099609375,0
2026-10-06 12:22:00,22686.0,22687.400390625,22682.19921875,22685.900390625,0
2026-10-06 12:23:00,22686.150390625,22689.5,22684.900390625,22688.150390625,0
2026-10-06 12:24:00,22688.30078125,22694.400390625,22686.150390625,22693.349609375,0
2026-10-06 12:25:00,22693.099609375,22695.150390625,22684.55078125,22686.05078125,0
2026-10-06 12:26:00,22685.900390625,22688.5,22682.94921875,22686.0,0
2026-10-06 12:27:00,22686.05078125,22688.0,22683.849609375,22685.75,0
2026-10-06 12:28:00,22686.099609375,22689.69921875,22685.349609375,22687.650390625,0
2026-10-06 12:29:00,22687.900390625,22689.55078125,22686.349609375,22687.44921875,0
2026-10-06 12:30:00,22687.80078125,22696.099609375,22686.80078125,22693.650390625,0
2026-10-06 12:31:00,22694.05078125,22696.849609375,22691.55078125,22695.05078125,0
2026-10-06 12:32:00,22695.099609375,22696.75,22687.599609375,22687.849609375,0
2026-10-06 12:33:00,22687.69921875,22691.55078125,22686.19921875,22690.30078125,0
2026-10-06 12:34:00,22690.25,22693.5,22689.69921875,22691.05078125,0
2026-10-06 12:35:00,22691.0,22692.599609375,22689.849609375,22690.75,0
2026-10-06 12:36:00,22691.099609375,22693.599609375,22690.349609375,22692.44921875,0
2026-10-06 12:37:00,22692.400390625,22699.5,22691.0,22698.55078125,0
2026-10-06 12:38:00,22698.69921875,22711.349609375,22698.0,22709.25,0
2026-10-06 12:39:00,22709.44921875,22716.0,22707.099609375,22711.099609375,0
2026-10-06 12:40:00,22710.94921875,22714.0,22708.599609375,22709.099609375,0
2026-10-06 12:41:00,22709.849609375,22709.94921875,22705.80078125,22708.5,0
2026-10-06 12:42:00,22708.349609375,22714.099609375,22707.75,22711.80078125,0
2026-10-06 12:43:00,22712.349609375,22723.400390625,22710.650390625,22723.099609375,0
2026-10-06 12:44:00,22723.55078125,22728.05078125,22719.30078125,22719.349609375,0
2026-10-06 12:45:00,22719.349609375,22724.44921875,22718.650390625,22719.19921875,0
2026-10-06 12:46:00,22720.400390625,22725.30078125,22717.150390625,22723.80078125,0
2026-10-06 12:47:00,22723.69921875,22725.150390625,22720.44921875,22722.900390625,0
2026-10-06 12:48:00,22723.0,22728.099609375,22722.25,22723.0,0
2026-10-06 12:49:00,22723.0,22723.650390625,22712.75,22714.75,0
2026-10-06 12:50:00,22714.599609375,22715.80078125,22711.5,22714.05078125,0
2026-10-06 12:51:00,22714.400390625,22715.099609375,22710.05078125,22711.099609375,0
2026-10-06 12:52:00,22710.650390625,22715.099609375,22707.75,22714.94921875,0
2026-10-06 12:53:00,22714.650390625,22718.650390625,22711.30078125,22712.19921875,0
2026-10-06 12:54:00,22712.25,22713.75,22708.150390625,22708.80078125,0
2026-10-06 12:55:00,22708.75,22709.25,22701.94921875,22703.900390625,0
2026-10-06 12:56:00,22703.94921875,22708.900390625,22701.55078125,22708.25,0
2026-10-06 12:57:00,22708.55078125,22713.400390625,22708.099609375,22710.80078125,0
2026-10-06 12:58:00,22711.349609375,22712.900390625,22708.349609375,22711.80078125,0
2026-10-06 12:59:00,22711.849609375,22714.650390625,22711.30078125,22712.150390625,0
2026-10-06 13:00:00,22712.150390625,22712.55078125,22706.400390625,22710.900390625,0
2026-10-06 13:01:00,22710.900390625,22712.650390625,22696.900390625,22697.80078125,0
2026-10-06 13:02:00,22697.75,22706.19921875,22693.150390625,22701.400390625,0
2026-10-06 13:03:00,22701.30078125,22714.19921875,22700.55078125,22706.80078125,0
2026-10-06 13:04:00,22706.400390625,22710.400390625,22705.599609375,22708.55078125,0
2026-10-06 13:05:00,22708.599609375,22711.849609375,22702.19921875,22702.19921875,0
2026-10-06 13:06:00,22702.0,22705.69921875,22700.900390625,22704.5,0
2026-10-06 13:07:00,22704.19921875,22705.150390625,22701.099609375,22703.80078125,0
2026-10-06 13:08:00,22704.0,22709.69921875,22702.69921875,22708.599609375,0
2026-10-06 13:09:00,22708.69921875,22712.25,22706.69921875,22711.05078125,0
2026-10-06 13:10:00,22711.099609375,22711.349609375,22705.69921875,22706.650390625,0
2026-10-06 13:11:00,22706.849609375,22714.349609375,22706.349609375,22712.69921875,0
2026-10-06 13:12:00,22713.099609375,22713.599609375,22709.349609375,22711.849609375,0
2026-10-06 13:13:00,22712.19921875,22713.05078125,22709.94921875,22710.69921875,0
2026-10-06 13:14:00,22711.150390625,22713.599609375,22708.650390625,22711.94921875,0
2026-10-06 13:15:00,22711.849609375,22716.900390625,22710.599609375,22714.5,0
2026-10-06 13:16:00,22713.849609375,22714.599609375,22709.400390625,22710.80078125,0
2026-10-06 13:17:00,22710.94921875,22714.55078125,22710.19921875,22712.849609375,0
2026-10-06 13:18:00,22712.94921875,22715.650390625,22710.75,22711.80078125,0
2026-10-06 13:19:00,22711.900390625,22713.150390625,22710.0,22711.05078125,0
2026-10-06 13:20:00,22711.099609375,22716.44921875,22710.150390625,22715.849609375,0
2026-10-06 13:21:00,22716.05078125,22716.099609375,22710.650390625,22713.80078125,0
2026-10-06 13:22:00,22713.849609375,22716.25,22712.0,22713.400390625,0
2026-10-06 13:23:00,22713.69921875,22714.5,22710.5,22712.05078125,0
2026-10-06 13:24:00,22712.400390625,22713.0,22707.05078125,22709.900390625,0
2026-10-06 13:25:00,22709.849609375,22711.55078125,22704.599609375,22706.0,0
2026-10-06 13:26:00,22705.900390625,22707.75,22697.650390625,22697.75,0
2026-10-06 13:27:00,22697.80078125,22703.19921875,22694.900390625,22697.0,0
2026-10-06 13:28:00,22696.80078125,22698.30078125,22691.25,22695.55078125,0
2026-10-06 13:29:00,22695.55078125,22700.30078125,22695.44921875,22698.849609375,0
2026-10-06 13:30:00,22698.75,22705.05078125,22696.69921875,22703.650390625,0
2026-10-06 13:31:00,22703.69921875,22708.099609375,22703.599609375,22706.650390625,0
2026-10-06 13:32:00,22706.75,22707.55078125,22700.150390625,22701.650390625,0
2026-10-06 13:33:00,22701.69921875,22707.80078125,22695.30078125,22707.5,0
2026-10-06 13:34:00,22707.44921875,22708.75,22700.0,22700.80078125,0
2026-10-06 13:35:00,22700.75,22708.400390625,22699.55078125,22707.099609375,0
2026-10-06 13:36:00,22707.19921875,22710.5,22705.0,22706.5,0
2026-10-06 13:37:00,22706.5,22712.0,22706.25,22710.849609375,0
2026-10-06 13:38:00,22710.94921875,22717.0,22708.099609375,22715.19921875,0
2026-10-06 13:39:00,22715.55078125,22716.5,22707.69921875,22710.94921875,0
2026-10-06 13:40:00,22710.849609375,22717.150390625,22710.849609375,22715.599609375,0
2026-10-06 13:41:00,22715.55078125,22721.55078125,22713.099609375,22715.599609375,0
2026-10-06 13:42:00,22714.849609375,22716.80078125,22705.849609375,22706.80078125,0
2026-10-06 13:43:00,22706.44921875,22708.75,22700.900390625,22701.30078125,0
2026-10-06 13:44:00,22701.19921875,22708.44921875,22700.599609375,22704.349609375,0
2026-10-06 13:45:00,22704.25,22706.80078125,22698.400390625,22704.55078125,0
2026-10-06 13:46:00,22704.94921875,22712.099609375,22704.599609375,22709.0,0
2026-10-06 13:47:00,22709.05078125,22709.900390625,22703.19921875,22707.69921875,0
2026-10-06 13:48:00,22707.75,22712.400390625,22705.25,22705.75,0
2026-10-06 13:49:00,22705.900390625,22712.30078125,22705.69921875,22710.05078125,0
2026-10-06 13:50:00,22710.55078125,22717.25,22709.44921875,22713.80078125,0
2026-10-06 13:51:00,22713.900390625,22715.0,22709.19921875,22710.19921875,0
2026-10-06 13:52:00,22710.05078125,22713.5,22707.599609375,22708.44921875,0
2026-10-06 13:53:00,22708.44921875,22712.05078125,22707.599609375,22711.0,0
2026-10-06 13:54:00,22710.80078125,22714.099609375,22710.099609375,22712.5,0
2026-10-06 13:55:00,22712.30078125,22716.349609375,22711.25,22715.05078125,0
2026-10-06 13:56:00,22715.0,22715.69921875,22711.55078125,22712.30078125,0
2026-10-06 13:57:00,22712.099609375,22714.69921875,22708.900390625,22712.80078125,0
2026-10-06 13:58:00,22712.150390625,22716.25,22711.349609375,22713.30078125,0
2026-10-06 13:59:00,22713.80078125,22717.25,22712.75,22714.55078125,0
2026-10-06 14:00:00,22714.5,22715.69921875,22711.599609375,22712.849609375,0
2026-10-06 14:01:00,22712.900390625,22721.5,22712.30078125,22719.55078125,0
2026-10-06 14:02:00,22719.30078125,22720.19921875,22717.30078125,22718.80078125,0
2026-10-06 14:03:00,22718.849609375,22726.75,22716.44921875,22725.849609375,0
2026-10-06 14:04:00,22725.80078125,22727.400390625,22719.55078125,22720.0,0
2026-10-06 14:05:00,22720.5,22726.349609375,22719.849609375,22723.69921875,0
2026-10-06 14:06:00,22723.80078125,22726.55078125,22716.900390625,22725.55078125,0
2026-10-06 14:07:00,22725.44921875,22731.75,22723.75,22725.0,0
2026-10-06 14:08:00,22725.0,22729.5,22723.599609375,22727.5,0
2026-10-06 14:09:00,22727.30078125,22730.30078125,22725.099609375,22727.55078125,0
2026-10-06 14:10:00,22727.5,22729.400390625,22723.0,22724.75,0
2026-10-06 14:11:00,22724.75,22726.94921875,22718.650390625,22720.849609375,0
2026-10-06 14:12:00,22720.849609375,22728.650390625,22720.19921875,22724.150390625,0
2026-10-06 14:13:00,22724.099609375,22729.400390625,22723.349609375,22725.0,0
2026-10-06 14:14:00,22725.099609375,22726.849609375,22722.5,22722.80078125,0
2026-10-06 14:15:00,22722.80078125,22723.150390625,22715.80078125,22718.94921875,0
2026-10-06 14:16:00,22718.75,22723.69921875,22716.55078125,22718.400390625,0
2026-10-06 14:17:00,22718.349609375,22719.30078125,22711.0,22712.30078125,0
2026-10-06 14:18:00,22711.599609375,22717.599609375,22707.80078125,22716.349609375,0
2026-10-06 14:19:00,22716.25,22717.30078125,22712.30078125,22715.150390625,0
2026-10-06 14:20:00,22714.900390625,22721.25,22708.25,22720.44921875,0
2026-10-06 14:21:00,22719.849609375,22721.19921875,22708.349609375,22710.0,0
2026-10-06 14:22:00,22709.94921875,22715.349609375,22708.900390625,22710.150390625,0
2026-10-06 14:23:00,22709.55078125,22712.69921875,22706.900390625,22710.900390625,0
2026-10-06 14:24:00,22711.150390625,22711.650390625,22707.80078125,22709.099609375,0
2026-10-06 14:25:00,22708.75,22712.5,22705.349609375,22705.5,0
2026-10-06 14:26:00,22705.650390625,22709.900390625,22696.44921875,22698.19921875,0
2026-10-06 14:27:00,22697.150390625,22699.19921875,22684.650390625,22697.849609375,0
2026-10-06 14:28:00,22698.0,22698.400390625,22685.25,22686.80078125,0
2026-10-06 14:29:00,22686.5,22694.69921875,22686.5,22689.75,0
2026-10-06 14:30:00,22688.900390625,22693.75,22687.30078125,22688.80078125,0
2026-10-06 14:31:00,22687.69921875,22693.599609375,22687.349609375,22690.55078125,0
2026-10-06 14:32:00,22690.5,22699.900390625,22690.400390625,22696.150390625,0
2026-10-06 14:33:00,22695.650390625,22696.650390625,22689.349609375,22692.599609375,0
2026-10-06 14:34:00,22692.69921875,22695.55078125,22685.849609375,22694.150390625,0
2026-10-06 14:35:00,22694.19921875,22695.19921875,22689.099609375,22689.94921875,0
2026-10-06 14:36:00,22690.0,22695.5,22689.0,22694.44921875,0
2026-10-06 14:37:00,22694.349609375,22694.349609375,22686.150390625,22692.55078125,0
2026-10-06 14:38:00,22692.69921875,22698.94921875,22691.94921875,22693.400390625,0
2026-10-06 14:39:00,22693.44921875,22703.150390625,22693.099609375,22700.349609375,0
2026-10-06 14:40:00,22700.349609375,22704.0,22695.19921875,22703.099609375,0
2026-10-06 14:41:00,22703.19921875,22714.900390625,22699.650390625,22714.150390625,0
2026-10-06 14:42:00,22714.150390625,22715.25,22706.349609375,22707.150390625,0
2026-10-06 14:43:00,22707.099609375,22707.900390625,22698.349609375,22700.94921875,0
2026-10-06 14:44:00,22700.900390625,22705.30078125,22697.849609375,22702.55078125,0
2026-10-06 14:45:00,22702.69921875,22708.75,22701.69921875,22706.849609375,0
2026-10-06 14:46:00,22706.55078125,22708.80078125,22704.900390625,22706.349609375,0
2026-10-06 14:47:00,22706.349609375,22710.900390625,22703.849609375,22709.75,0
2026-10-06 14:48:00,22709.75,22715.099609375,22708.650390625,22712.099609375,0
2026-10-06 14:49:00,22712.099609375,22712.900390625,22706.94921875,22710.5,0
2026-10-06 14:50:00,22710.30078125,22711.099609375,22705.94921875,22708.349609375,0
2026-10-06 14:51:00,22708.150390625,22711.75,22707.349609375,22709.44921875,0
2026-10-06 14:52:00,22709.349609375,22710.349609375,22705.5,22707.25,0
2026-10-06 14:53:00,22707.44921875,22709.099609375,22702.650390625,22708.30078125,0
2026-10-06 14:54:00,22708.30078125,22708.80078125,22702.05078125,22703.05078125,0
2026-10-06 14:55:00,22705.0,22714.25,22703.0,22711.599609375,0
2026-10-06 14:56:00,22711.599609375,22714.19921875,22709.400390625,22712.69921875,0
2026-10-06 14:57:00,22712.650390625,22712.94921875,22705.400390625,22708.19921875,0
2026-10-06 14:58:00,22708.150390625,22708.849609375,22704.849609375,22705.900390625,0
2026-10-06 14:59:00,22705.650390625,22708.650390625,22704.94921875,22705.650390625,0
2026-10-06 15:00:00,22705.75,22705.75,22695.5,22702.150390625,0
2026-10-06 15:01:00,22702.69921875,22707.400390625,22701.849609375,22703.400390625,0
2026-10-06 15:02:00,22703.25,22703.900390625,22697.099609375,22699.30078125,0
2026-10-06 15:03:00,22698.5,22702.25,22697.0,22699.94921875,0
2026-10-06 15:04:00,22699.400390625,22704.55078125,22697.25,22703.349609375,0
2026-10-06 15:05:00,22703.55078125,22710.80078125,22702.75,22707.19921875,0
2026-10-06 15:06:00,22707.19921875,22713.44921875,22706.80078125,22709.75,0
2026-10-06 15:07:00,22708.900390625,22711.0,22705.5,22707.599609375,0
2026-10-06 15:08:00,22707.400390625,22713.30078125,22705.400390625,22711.25,0
2026-10-06 15:09:00,22710.30078125,22712.349609375,22706.599609375,22709.55078125,0
2026-10-06 15:10:00,22708.900390625,22713.80078125,22707.55078125,22713.150390625,0
2026-10-06 15:11:00,22713.19921875,22717.900390625,22711.5,22713.30078125,0
2026-10-06 15:12:00,22712.900390625,22715.349609375,22704.80078125,22711.80078125,0
2026-10-06 15:13:00,22711.44921875,22714.5,22708.099609375,22713.30078125,0
2026-10-06 15:14:00,22710.05078125,22721.75,22708.30078125,22717.400390625,0
2026-10-06 15:15:00,22717.69921875,22717.69921875,22717.69921875,22717.69921875,0
2026-10-06 15:16:00,22717.69921875,22717.69921875,22717.69921875,22717.69921875,0
2026-10-06 15:17:00,22717.69921875,22717.69921875,22717.69921875,22717.69921875,0
2026-10-06 15:18:00,22717.69921875,22717.69921875,22717.69921875,22717.69921875,0
2026-10-06 15:19:00,22717.69921875,22717.69921875,22717.69921875,22717.69921875,0
2026-10-06 15:20:00,22717.69921875,22717.69921875,22717.69921875,22717.69921875,0
2026-10-06 15:21:00,22717.69921875,22717.69921875,22717.69921875,22717.69921875,0
2026-10-06 15:22:00,22717.69921875,22717.69921875,22717.69921875,22717.69921875,0
2026-10-06 15:23:00,22717.69921875,22717.69921875,22717.69921875,22717.69921875,0
2026-10-06 15:24:00,22717.69921875,22717.69921875,22717.69921875,22717.69921875,0
2026-10-06 15:25:00,22717.69921875,22717.69921875,22717.69921875,22717.69921875,0
2026-10-06 15:26:00,22717.69921875,22717.69921875,22717.69921875,22717.69921875,0
2026-10-06 15:27:00,22717.69921875,22717.69921875,22717.69921875,22717.69921875,0
2026-10-06 15:28:00,22717.69921875,22717.69921875,22717.69921875,22717.69921875,0
2026-10-06 15:29:00,22717.69921875,22776.099609375,22717.69921875,22776.099609375,0
2026-10-07 09:15:00,22690.44921875,22690.44921875,22606.94921875,22613.900390625,0
2026-10-07 09:16:00,22613.849609375,22621.05078125,22603.75,22608.30078125,0
2026-10-07 09:17:00,22608.05078125,22614.44921875,22602.099609375,22611.349609375,0
2026-10-07 09:18:00,22610.80078125,22624.05078125,22610.0,22617.94921875,0
2026-10-07 09:19:00,22617.849609375,22629.0,22617.849609375,22622.75,0
2026-10-07 09:20:00,22622.69921875,22623.849609375,22609.099609375,22610.44921875,0
2026-10-07 09:21:00,22610.69921875,22617.400390625,22610.650390625,22615.69921875,0
2026-10-07 09:22:00,22615.650390625,22626.44921875,22615.650390625,22616.80078125,0
2026-10-07 09:23:00,22617.5,22619.099609375,22610.25,22611.80078125,0
2026-10-07 09:24:00,22611.69921875,22619.150390625,22610.849609375,22618.19921875,0
2026-10-07 09:25:00,22618.25,22619.69921875,22610.19921875,22611.849609375,0
2026-10-07 09:26:00,22611.849609375,22612.650390625,22606.150390625,22609.25,0
2026-10-07 09:27:00,22609.30078125,22618.80078125,22608.150390625,22618.599609375,0
2026-10-07 09:28:00,22618.75,22626.75,22617.80078125,22626.75,0
2026-10-07 09:29:00,22626.80078125,22629.650390625,22623.349609375,22623.69921875,0
2026-10-07 09:30:00,22624.0,22625.0,22617.099609375,22622.650390625,0
2026-10-07 09:31:00,22622.44921875,22634.30078125,22622.44921875,22632.599609375,0
2026-10-07 09:32:00,22632.5,22634.099609375,22626.05078125,22626.849609375,0
2026-10-07 09:33:00,22626.599609375,22629.80078125,22620.25,22620.400390625,0
2026-10-07 09:34:00,22620.400390625,22621.30078125,22614.150390625,22614.349609375,0
2026-10-07 09:35:00,22613.650390625,22616.25,22609.650390625,22611.150390625,0
2026-10-07 09:36:00,22611.099609375,22612.849609375,22609.05078125,22610.900390625,0
2026-10-07 09:37:00,22610.650390625,22612.400390625,22604.30078125,22606.75,0
2026-10-07 09:38:00,22606.75,22608.30078125,22601.349609375,22603.400390625,0
2026-10-07 09:39:00,22603.349609375,22605.80078125,22587.05078125,22588.0,0
2026-10-07 09:40:00,22587.599609375,22592.349609375,22585.400390625,22588.150390625,0
2026-10-07 09:41:00,22588.5,22602.25,22587.94921875,22601.44921875,0
2026-10-07 09:42:00,22601.44921875,22613.94921875,22601.44921875,22612.849609375,0
2026-10-07 09:43:00,22612.94921875,22625.900390625,22612.44921875,22622.849609375,0
2026-10-07 09:44:00,22622.75,22625.849609375,22616.75,22617.099609375,0
2026-10-07 09:45:00,22617.099609375,22622.25,22615.19921875,22620.55078125,0
2026-10-07 09:46:00,22620.400390625,22622.30078125,22610.599609375,22611.69921875,0
2026-10-07 09:47:00,22611.44921875,22613.69921875,22605.80078125,22606.900390625,0
2026-10-07 09:48:00,22606.69921875,22612.150390625,22606.599609375,22611.55078125,0
2026-10-07 09:49:00,22611.55078125,22613.44921875,22606.75,22612.44921875,0
2026-10-07 09:50:00,22612.55078125,22622.400390625,22612.55078125,22618.599609375,0
2026-10-07 09:51:00,22618.25,22625.19921875,22618.25,22621.0,0
2026-10-07 09:52:00,22620.94921875,22624.75,22618.849609375,22620.94921875,0
2026-10-07 09:53:00,22621.0,22626.75,22621.0,22625.599609375,0
2026-10-07 09:54:00,22625.69921875,22627.349609375,22613.099609375,22614.69921875,0
2026-10-07 09:55:00,22614.099609375,22615.55078125,22609.69921875,22610.849609375,0
2026-10-07 09:56:00,22610.94921875,22613.099609375,22608.69921875,22611.400390625,0
2026-10-07 09:57:00,22611.44921875,22613.900390625,22607.75,22608.69921875,0
2026-10-07 09:58:00,22609.05078125,22610.94921875,22604.099609375,22606.400390625,0
2026-10-07 09:59:00,22606.69921875,22610.900390625,22606.05078125,22609.349609375,0
2026-10-07 10:00:00,22609.400390625,22619.849609375,22609.0,22617.80078125,0
2026-10-07 10:01:00,22618.19921875,22619.150390625,22600.55078125,22601.349609375,0
2026-10-07 10:02:00,22601.5,22603.69921875,22582.30078125,22585.5,0
2026-10-07 10:03:00,22585.349609375,22596.25,22578.349609375,22594.69921875,0
2026-10-07 10:04:00,22594.94921875,22609.400390625,22594.30078125,22608.94921875,0
2026-10-07 10:05:00,22608.900390625,22620.650390625,22605.599609375,22620.55078125,0
2026-10-07 10:06:00,22621.44921875,22628.80078125,22618.75,22619.400390625,0
2026-10-07 10:07:00,22619.44921875,22620.25,22603.150390625,22606.0,0
2026-10-07 10:08:00,22606.55078125,22617.349609375,22601.650390625,22616.0,0
2026-10-07 10:09:00,22615.349609375,22623.400390625,22611.69921875,22621.900390625,0
2026-10-07 10:10:00,22622.80078125,22623.25,22612.19921875,22612.849609375,0
2026-10-07 10:11:00,22613.19921875,22625.80078125,22611.599609375,22619.69921875,0
2026-10-07 10:12:00,22619.599609375,22622.94921875,22617.30078125,22619.849609375,0
2026-10-07 10:13:00,22619.75,22623.849609375,22616.44921875,22618.349609375,0
2026-10-07 10:14:00,22618.150390625,22620.150390625,22607.150390625,22611.75,0
2026-10-07 10:15:00,22611.5,22620.30078125,22611.5,22614.44921875,0
2026-10-07 10:16:00,22614.900390625,22647.849609375,22614.900390625,22641.25,0
2026-10-07 10:17:00,22641.099609375,22653.5,22640.80078125,22649.75,0
2026-10-07 10:18:00,22650.30078125,22678.849609375,22646.150390625,22677.099609375,0
2026-10-07 10:19:00,22677.19921875,22682.75,22653.94921875,22656.849609375,0
2026-10-07 10:20:00,22656.150390625,22673.150390625,22656.150390625,22671.5,0
2026-10-07 10:21:00,22671.650390625,22686.0,22670.94921875,22682.599609375,0
2026-10-07 10:22:00,22682.849609375,22685.05078125,22664.900390625,22665.25,0
2026-10-07 10:23:00,22665.400390625,22667.44921875,22659.19921875,22664.19921875,0
2026-10-07 10:24:00,22664.19921875,22675.44921875,22664.19921875,22667.80078125,0
2026-10-07 10:25:00,22667.400390625,22679.349609375,22667.150390625,22677.5,0
2026-10-07 10:26:00,22677.5,22680.05078125,22675.900390625,22678.75,0
2026-10-07 10:27:00,22678.849609375,22683.75,22676.75,22680.19921875,0
2026-10-07 10:28:00,22679.849609375,22682.5,22676.0,22680.30078125,0
2026-10-07 10:29:00,22680.349609375,22701.599609375,22680.349609375,22697.400390625,0
2026-10-07 10:30:00,22697.900390625,22700.55078125,22686.25,22686.599609375,0
2026-10-07 10:31:00,22686.599609375,22696.75,22686.400390625,22688.400390625,0
2026-10-07 10:32:00,22689.75,22692.150390625,22684.44921875,22686.849609375,0
2026-10-07 10:33:00,22686.849609375,22690.150390625,22675.75,22676.400390625,0
2026-10-07 10:34:00,22676.400390625,22678.19921875,22657.80078125,22657.80078125,0
2026-10-07 10:35:00,22657.849609375,22664.349609375,22650.25,22653.0,0
2026-10-07 10:36:00,22652.599609375,22654.150390625,22630.099609375,22630.599609375,0
2026-10-07 10:37:00,22630.05078125,22639.599609375,22623.25,22638.0,0
2026-10-07 10:38:00,22638.0,22650.05078125,22638.0,22648.0,0
2026-10-07 10:39:00,22648.099609375,22655.0,22640.25,22641.849609375,0
2026-10-07 10:40:00,22641.80078125,22646.80078125,22640.900390625,22643.900390625,0
2026-10-07 10:41:00,22644.0,22656.0,22643.900390625,22655.150390625,0
2026-10-07 10:42:00,22655.19921875,22660.849609375,22652.80078125,22657.650390625,0
2026-10-07 10:43:00,22657.849609375,22660.400390625,22651.69921875,22653.44921875,0
2026-10-07 10:44:00,22653.19921875,22666.05078125,22653.150390625,22659.69921875,0
2026-10-07 10:45:00,22659.55078125,22660.30078125,22650.099609375,22650.849609375,0
2026-10-07 10:46:00,22650.75,22657.19921875,22650.75,22654.25,0
2026-10-07 10:47:00,22654.5,22657.400390625,22650.150390625,22654.80078125,0
2026-10-07 10:48:00,22655.44921875,22664.849609375,22655.44921875,22659.599609375,0
2026-10-07 10:49:00,22659.55078125,22661.94921875,22656.75,22661.80078125,0
2026-10-07 10:50:00,22661.599609375,22662.94921875,22658.400390625,22661.349609375,0
2026-10-07 10:51:00,22661.75,22666.75,22660.599609375,22664.69921875,0
2026-10-07 10:52:00,22664.44921875,22668.849609375,22659.75,22660.94921875,0
2026-10-07 10:53:00,22661.0,22666.599609375,22659.400390625,22665.44921875,0
2026-10-07 10:54:00,22665.75,22680.150390625,22665.650390625,22680.0,0
2026-10-07 10:55:00,22680.25,22684.400390625,22678.05078125,22681.900390625,0
2026-10-07 10:56:00,22682.0,22693.349609375,22680.75,22692.19921875,0
2026-10-07 10:57:00,22692.099609375,22698.099609375,22690.150390625,22696.099609375,0
2026-10-07 10:58:00,22696.0,22699.349609375,22694.900390625,22694.900390625,0
2026-10-07 10:59:00,22694.900390625,22705.349609375,22694.900390625,22705.05078125,0
2026-10-07 11:00:00,22705.099609375,22706.150390625,22693.75,22693.94921875,0
2026-10-07 11:01:00,22693.75,22696.80078125,22690.25,22692.5,0
2026-10-07 11:02:00,22692.44921875,22695.150390625,22690.25,22691.349609375,0
2026-10-07 11:03:00,22691.349609375,22694.19921875,22690.44921875,22692.5,0
2026-10-07 11:04:00,22692.5,22705.599609375,22691.05078125,22693.80078125,0
2026-10-07 11:05:00,22693.849609375,22701.349609375,22690.849609375,22700.94921875,0
2026-10-07 11:06:00,22701.0,22705.099609375,22699.75,22702.150390625,0
2026-10-07 11:07:00,22702.099609375,22710.69921875,22701.80078125,22706.25,0
2026-10-07 11:08:00,22706.099609375,22706.55078125,22700.25,22701.55078125,0
2026-10-07 11:09:00,22701.55078125,22703.900390625,22696.55078125,22698.25,0
2026-10-07 11:10:00,22697.94921875,22700.099609375,22691.05078125,22691.69921875,0
2026-10-07 11:11:00,22691.650390625,22696.30078125,22691.650390625,22695.150390625,0
2026-10-07 11:12:00,22695.349609375,22701.30078125,22693.94921875,22694.150390625,0
2026-10-07 11:13:00,22694.599609375,22698.44921875,22694.55078125,22696.44921875,0
2026-10-07 11:14:00,22696.44921875,22697.5,22689.599609375,22690.650390625,0
2026-10-07 11:15:00,22690.599609375,22693.19921875,22687.599609375,22690.05078125,0
2026-10-07 11:16:00,22690.099609375,22692.5,22688.849609375,22690.55078125,0
2026-10-07 11:17:00,22690.400390625,22697.55078125,22689.19921875,22690.650390625,0
2026-10-07 11:18:00,22690.55078125,22692.80078125,22685.0,22685.55078125,0
2026-10-07 11:19:00,22686.19921875,22687.55078125,22677.30078125,22678.349609375,0
2026-10-07 11:20:00,22678.400390625,22683.400390625,22673.55078125,22679.05078125,0
2026-10-07 11:21:00,22679.44921875,22684.650390625,22679.349609375,22681.55078125,0
2026-10-07 11:22:00,22681.5,22682.55078125,22678.650390625,22681.30078125,0
2026-10-07 11:23:00,22681.05078125,22683.5,22678.599609375,22680.94921875,0
2026-10-07 11:24:00,22681.099609375,22686.25,22681.099609375,22684.0,0
2026-10-07 11:25:00,22684.349609375,22686.30078125,22680.25,22685.900390625,0
2026-10-07 11:26:00,22685.400390625,22691.69921875,22685.400390625,22689.349609375,0
2026-10-07 11:27:00,22689.69921875,22691.0,22681.05078125,22681.150390625,0
2026-10-07 11:28:00,22681.94921875,22694.75,22681.94921875,22691.94921875,0
2026-10-07 11:29:00,22691.400390625,22692.75,22682.150390625,22685.25,0
2026-10-07 11:30:00,22685.19921875,22687.05078125,22672.75,22673.30078125,0
2026-10-07 11:31:00,22674.150390625,22676.05078125,22665.349609375,22665.349609375,0
2026-10-07 11:32:00,22665.349609375,22667.0,22659.05078125,22665.849609375,0
2026-10-07 11:33:00,22667.5,22672.099609375,22666.150390625,22671.599609375,0
2026-10-07 11:34:00,22671.55078125,22674.849609375,22668.25,22671.44921875,0
2026-10-07 11:35:00,22671.349609375,22677.44921875,22670.599609375,22673.69921875,0
2026-10-07 11:36:00,22673.69921875,22683.19921875,22673.69921875,22682.900390625,0
2026-10-07 11:37:00,22682.69921875,22689.099609375,22682.150390625,22686.94921875,0
2026-10-07 11:38:00,22687.0,22694.44921875,22685.69921875,22692.55078125,0
2026-10-07 11:39:00,22692.44921875,22696.69921875,22689.05078125,22690.0,0
2026-10-07 11:40:00,22690.05078125,22691.25,22686.25,22690.05078125,0
2026-10-07 11:41:00,22690.05078125,22692.849609375,22684.25,22684.25,0
2026-10-07 11:42:00,22684.80078125,22685.900390625,22676.75,22678.150390625,0
2026-10-07 11:43:00,22678.099609375,22680.0,22673.19921875,22673.5,0
2026-10-07 11:44:00,22673.44921875,22675.650390625,22669.19921875,22672.75,0
2026-10-07 11:45:00,22673.19921875,22674.30078125,22668.19921875,22672.94921875,0
2026-10-07 11:46:00,22672.94921875,22684.94921875,22672.94921875,22677.05078125,0
2026-10-07 11:47:00,22675.400390625,22681.900390625,22675.400390625,22680.05078125,0
2026-10-07 11:48:00,22680.349609375,22684.400390625,22679.849609375,22683.599609375,0
2026-10-07 11:49:00,22683.75,22686.55078125,22681.44921875,22685.69921875,0
2026-10-07 11:50:00,22685.650390625,22688.150390625,22681.900390625,22684.900390625,0
2026-10-07 11:51:00,22684.80078125,22689.75,22683.25,22687.69921875,0
2026-10-07 11:52:00,22688.0,22688.69921875,22681.94921875,22684.55078125,0
2026-10-07 11:53:00,22684.5,22688.5,22681.44921875,22683.69921875,0
2026-10-07 11:54:00,22683.150390625,22688.599609375,22679.75,22687.650390625,0
2026-10-07 11:55:00,22687.849609375,22695.05078125,22685.900390625,22694.44921875,0
2026-10-07 11:56:00,22694.650390625,22695.55078125,22683.0,22683.599609375,0
2026-10-07 11:57:00,22683.599609375,22687.55078125,22683.0,22686.30078125,0
2026-10-07 11:58:00,22686.30078125,22693.19921875,22686.30078125,22688.75,0
2026-10-07 11:59:00,22688.44921875,22689.94921875,22684.80078125,22686.849609375,0
2026-10-07 12:00:00,22686.80078125,22691.400390625,22686.0,22691.30078125,0
2026-10-07 12:01:00,22691.30078125,22695.349609375,22689.099609375,22694.849609375,0
2026-10-07 12:02:00,22694.69921875,22701.650390625,22694.69921875,22696.650390625,0
2026-10-07 12:03:00,22695.650390625,22702.5,22695.650390625,22701.55078125,0
2026-10-07 12:04:00,22701.55078125,22717.25,22701.55078125,22713.30078125,0
2026-10-07 12:05:00,22714.19921875,22715.400390625,22708.94921875,22710.30078125,0
2026-10-07 12:06:00,22710.5,22713.19921875,22705.0,22707.80078125,0
2026-10-07 12:07:00,22707.80078125,22711.0,22703.0,22704.30078125,0
2026-10-07 12:08:00,22704.400390625,22705.150390625,22696.099609375,22697.849609375,0
2026-10-07 12:09:00,22697.650390625,22699.55078125,22692.0,22695.94921875,0
2026-10-07 12:10:00,22696.0,22697.69921875,22691.349609375,22692.349609375,0
2026-10-07 12:11:00,22692.349609375,22692.69921875,22680.30078125,22680.55078125,0
2026-10-07 12:12:00,22680.19921875,22682.19921875,22675.05078125,22677.25,0
2026-10-07 12:13:00,22676.80078125,22677.55078125,22665.150390625,22669.19921875,0
2026-10-07 12:14:00,22669.650390625,22674.900390625,22669.650390625,22674.900390625,0
2026-10-07 12:15:00,22674.75,22678.900390625,22674.25,22677.150390625,0
2026-10-07 12:16:00,22677.19921875,22684.80078125,22677.19921875,22683.150390625,0
2026-10-07 12:17:00,22683.05078125,22684.599609375,22678.69921875,22680.75,0
2026-10-07 12:18:00,22680.75,22681.0,22667.400390625,22668.19921875,0
2026-10-07 12:19:00,22668.150390625,22672.80078125,22664.19921875,22670.900390625,0
2026-10-07 12:20:00,22670.94921875,22672.55078125,22667.900390625,22671.25,0
2026-10-07 12:21:00,22671.19921875,22676.5,22669.80078125,22676.25,0
2026-10-07 12:22:00,22676.150390625,22676.94921875,22667.349609375,22668.69921875,0
2026-10-07 12:23:00,22668.75,22671.30078125,22666.94921875,22669.55078125,0
2026-10-07 12:24:00,22669.44921875,22670.099609375,22662.849609375,22664.75,0
2026-10-07 12:25:00,22664.19921875,22666.05078125,22661.30078125,22665.5,0
2026-10-07 12:26:00,22665.30078125,22666.0,22654.75,22654.75,0
2026-10-07 12:27:00,22654.94921875,22656.650390625,22650.44921875,22654.25,0
2026-10-07 12:28:00,22654.349609375,22655.19921875,22646.849609375,22648.80078125,0
2026-10-07 12:29:00,22648.900390625,22649.75,22645.900390625,22648.650390625,0
2026-10-07 12:30:00,22648.900390625,22653.599609375,22646.44921875,22652.400390625,0
2026-10-07 12:31:00,22652.349609375,22656.349609375,22651.599609375,22652.80078125,0
2026-10-07 12:32:00,22652.75,22654.900390625,22648.400390625,22652.05078125,0
2026-10-07 12:33:00,22652.0,22654.05078125,22647.650390625,22648.5,0
2026-10-07 12:34:00,22648.5,22661.05078125,22648.30078125,22660.400390625,0
2026-10-07 12:35:00,22660.25,22666.400390625,22660.25,22665.599609375,0
2026-10-07 12:36:00,22665.55078125,22666.94921875,22657.25,22659.30078125,0
2026-10-07 12:37:00,22659.30078125,22660.5,22656.55078125,22658.94921875,0
2026-10-07 12:38:00,22658.55078125,22661.349609375,22654.05078125,22659.849609375,0
2026-10-07 12:39:00,22659.80078125,22663.80078125,22658.69921875,22661.650390625,0
2026-10-07 12:40:00,22661.650390625,22664.900390625,22660.69921875,22664.400390625,0
2026-10-07 12:41:00,22664.19921875,22665.650390625,22660.44921875,22662.75,0
2026-10-07 12:42:00,22663.150390625,22670.5,22663.150390625,22668.900390625,0
2026-10-07 12:43:00,22668.69921875,22673.30078125,22668.0,22672.69921875,0
2026-10-07 12:44:00,22672.5,22675.0,22667.0,22667.0,0
2026-10-07 12:45:00,22667.150390625,22668.75,22663.75,22664.650390625,0
2026-10-07 12:46:00,22663.650390625,22666.599609375,22658.599609375,22664.75,0
2026-10-07 12:47:00,22665.0,22666.5,22660.400390625,22661.849609375,0
2026-10-07 12:48:00,22661.650390625,22662.900390625,22654.099609375,22655.599609375,0
2026-10-07 12:49:00,22655.650390625,22661.349609375,22655.0,22656.150390625,0
2026-10-07 12:50:00,22655.349609375,22656.5,22650.599609375,22651.30078125,0
2026-10-07 12:51:00,22651.30078125,22652.94921875,22642.099609375,22643.849609375,0
2026-10-07 12:52:00,22643.75,22649.80078125,22642.5,22649.19921875,0
2026-10-07 12:53:00,22648.80078125,22656.5,22648.19921875,22655.55078125,0
2026-10-07 12:54:00,22655.0,22659.55078125,22652.69921875,22653.5,0
2026-10-07 12:55:00,22652.400390625,22655.30078125,22649.75,22650.94921875,0
2026-10-07 12:56:00,22651.0,22651.80078125,22643.349609375,22647.099609375,0
2026-10-07 12:57:00,22647.05078125,22647.55078125,22629.400390625,22631.349609375,0
2026-10-07 12:58:00,22631.349609375,22633.650390625,22627.900390625,22629.30078125,0
2026-10-07 12:59:00,22629.69921875,22630.55078125,22621.650390625,22621.80078125,0
2026-10-07 13:00:00,22621.55078125,22622.30078125,22613.349609375,22616.05078125,0
2026-10-07 13:01:00,22616.19921875,22628.19921875,22615.400390625,22627.099609375,0
2026-10-07 13:02:00,22627.05078125,22629.30078125,22619.30078125,22620.75,0
2026-10-07 13:03:00,22621.05078125,22622.19921875,22618.0,22619.400390625,0
2026-10-07 13:04:00,22619.650390625,22621.69921875,22611.849609375,22612.55078125,0
2026-10-07 13:05:00,22612.75,22613.900390625,22602.900390625,22603.900390625,0
2026-10-07 13:06:00,22604.150390625,22605.349609375,22592.44921875,22592.55078125,0
2026-10-07 13:07:00,22593.25,22595.150390625,22589.400390625,22589.900390625,0
2026-10-07 13:08:00,22590.05078125,22592.400390625,22578.900390625,22579.69921875,0
2026-10-07 13:09:00,22579.599609375,22580.900390625,22563.849609375,22565.599609375,0
2026-10-07 13:10:00,22565.650390625,22566.150390625,22552.599609375,22552.599609375,0
2026-10-07 13:11:00,22552.75,22575.05078125,22552.75,22567.849609375,0
2026-10-07 13:12:00,22567.900390625,22581.19921875,22565.650390625,22580.75,0
2026-10-07 13:13:00,22580.55078125,22585.900390625,22578.30078125,22582.80078125,0
2026-10-07 13:14:00,22583.0,22584.849609375,22576.099609375,22578.19921875,0
2026-10-07 13:15:00,22578.0,22580.900390625,22573.400390625,22577.349609375,0
2026-10-07 13:16:00,22577.19921875,22584.5,22577.150390625,22584.5,0
2026-10-07 13:17:00,22584.5,22595.150390625,22581.849609375,22594.900390625,0
2026-10-07 13:18:00,22594.5,22596.349609375,22588.849609375,22589.650390625,0
2026-10-07 13:19:00,22590.150390625,22590.75,22582.400390625,22583.30078125,0
2026-10-07 13:20:00,22583.400390625,22585.44921875,22580.0,22580.650390625,0
2026-10-07 13:21:00,22580.099609375,22581.650390625,22569.75,22575.55078125,0
2026-10-07 13:22:00,22575.55078125,22581.650390625,22571.599609375,22575.0,0
2026-10-07 13:23:00,22575.099609375,22575.94921875,22571.19921875,22574.30078125,0
2026-10-07 13:24:00,22574.19921875,22575.349609375,22568.05078125,22571.650390625,0
2026-10-07 13:25:00,22571.599609375,22572.650390625,22567.25,22571.19921875,0
2026-10-07 13:26:00,22571.0,22576.0,22568.55078125,22575.349609375,0
2026-10-07 13:27:00,22575.55078125,22584.25,22575.150390625,22582.349609375,0
2026-10-07 13:28:00,22582.349609375,22586.44921875,22582.05078125,22585.69921875,0
2026-10-07 13:29:00,22585.75,22599.349609375,22584.849609375,22593.69921875,0
2026-10-07 13:30:00,22593.69921875,22594.69921875,22586.900390625,22594.099609375,0
2026-10-07 13:31:00,22594.25,22595.05078125,22585.80078125,22591.69921875,0
2026-10-07 13:32:00,22591.650390625,22598.599609375,22590.55078125,22597.55078125,0
2026-10-07 13:33:00,22597.349609375,22599.19921875,22583.0,22593.19921875,0
2026-10-07 13:34:00,22592.94921875,22594.349609375,22590.30078125,22593.5,0
2026-10-07 13:35:00,22593.25,22603.80078125,22593.150390625,22600.599609375,0
2026-10-07 13:36:00,22600.80078125,22604.5,22597.349609375,22598.05078125,0
2026-10-07 13:37:00,22598.0,22600.5,22596.55078125,22598.44921875,0
2026-10-07 13:38:00,22598.5,22601.19921875,22596.69921875,22597.5,0
2026-10-07 13:39:00,22597.849609375,22599.099609375,22593.69921875,22595.599609375,0
2026-10-07 13:40:00,22595.650390625,22598.69921875,22594.25,22597.0,0
2026-10-07 13:41:00,22596.75,22600.19921875,22594.599609375,22599.69921875,0
2026-10-07 13:42:00,22599.69921875,22604.0,22598.0,22603.0,0
2026-10-07 13:43:00,22603.30078125,22604.55078125,22597.150390625,22599.44921875,0
2026-10-07 13:44:00,22599.44921875,22604.099609375,22596.75,22603.650390625,0
2026-10-07 13:45:00,22603.599609375,22604.650390625,22597.5,22598.900390625,0
2026-10-07 13:46:00,22598.900390625,22602.44921875,22594.849609375,22601.30078125,0
2026-10-07 13:47:00,22601.30078125,22604.94921875,22597.75,22601.25,0
2026-10-07 13:48:00,22601.349609375,22604.94921875,22598.69921875,22603.900390625,0
2026-10-07 13:49:00,22603.349609375,22605.80078125,22601.849609375,22605.05078125,0
2026-10-07 13:50:00,22605.099609375,22606.75,22600.80078125,22604.0,0
2026-10-07 13:51:00,22603.44921875,22606.150390625,22597.900390625,22598.69921875,0
2026-10-07 13:52:00,22598.849609375,22599.599609375,22587.349609375,22588.44921875,0
2026-10-07 13:53:00,22588.25,22589.599609375,22574.650390625,22577.69921875,0
2026-10-07 13:54:00,22577.5,22578.80078125,22569.80078125,22575.80078125,0
2026-10-07 13:55:00,22575.599609375,22586.30078125,22575.599609375,22585.94921875,0
2026-10-07 13:56:00,22585.94921875,22586.349609375,22571.5,22572.30078125,0
2026-10-07 13:57:00,22572.30078125,22573.75,22567.849609375,22569.650390625,0
2026-10-07 13:58:00,22570.099609375,22572.44921875,22561.30078125,22561.94921875,0
2026-10-07 13:59:00,22561.55078125,22563.099609375,22558.650390625,22563.05078125,0
2026-10-07 14:00:00,22563.099609375,22565.44921875,22546.55078125,22551.099609375,0
2026-10-07 14:01:00,22551.25,22566.599609375,22551.25,22565.55078125,0
2026-10-07 14:02:00,22565.5,22574.69921875,22564.849609375,22572.30078125,0
2026-10-07 14:03:00,22572.349609375,22575.30078125,22568.05078125,22571.30078125,0
2026-10-07 14:04:00,22571.099609375,22574.5,22568.25,22570.900390625,0
2026-10-07 14:05:00,22571.0,22573.75,22568.650390625,22573.30078125,0
2026-10-07 14:06:00,22573.5,22574.30078125,22568.94921875,22573.400390625,0
2026-10-07 14:07:00,22573.599609375,22578.55078125,22572.30078125,22574.5,0
2026-10-07 14:08:00,22574.349609375,22577.650390625,22573.400390625,22575.650390625,0
2026-10-07 14:09:00,22575.44921875,22576.80078125,22565.69921875,22565.900390625,0
2026-10-07 14:10:00,22566.05078125,22569.0,22562.05078125,22563.19921875,0
2026-10-07 14:11:00,22563.25,22565.099609375,22559.0,22559.0,0
2026-10-07 14:12:00,22559.0,22562.650390625,22556.55078125,22559.900390625,0
2026-10-07 14:13:00,22560.25,22562.19921875,22558.349609375,22560.400390625,0
2026-10-07 14:14:00,22560.30078125,22563.25,22556.599609375,22559.349609375,0
2026-10-07 14:15:00,22559.30078125,22570.099609375,22558.400390625,22569.0,0
2026-10-07 14:16:00,22569.05078125,22573.5,22565.849609375,22571.650390625,0
2026-10-07 14:17:00,22571.94921875,22575.30078125,22570.900390625,22574.650390625,0
2026-10-07 14:18:00,22574.94921875,22584.75,22573.599609375,22578.80078125,0
2026-10-07 14:19:00,22578.849609375,22582.75,22577.55078125,22578.80078125,0
2026-10-07 14:20:00,22578.80078125,22590.75,22577.44921875,22584.05078125,0
2026-10-07 14:21:00,22584.099609375,22584.650390625,22578.400390625,22582.150390625,0
2026-10-07 14:22:00,22582.05078125,22585.900390625,22577.349609375,22578.900390625,0
2026-10-07 14:23:00,22578.69921875,22583.44921875,22577.849609375,22582.30078125,0
2026-10-07 14:24:00,22581.900390625,22588.400390625,22581.55078125,22585.099609375,0
2026-10-07 14:25:00,22585.25,22594.94921875,22584.599609375,22594.099609375,0
2026-10-07 14:26:00,22594.099609375,22609.650390625,22591.69921875,22608.05078125,0
2026-10-07 14:27:00,22608.099609375,22621.80078125,22608.099609375,22621.19921875,0
2026-10-07 14:28:00,22620.900390625,22635.94921875,22620.5,22632.5,0
2026-10-07 14:29:00,22632.849609375,22648.80078125,22629.349609375,22639.849609375,0
2026-10-07 14:30:00,22639.849609375,22643.349609375,22634.69921875,22636.80078125,0
2026-10-07 14:31:00,22636.900390625,22646.80078125,22631.75,22637.650390625,0
2026-10-07 14:32:00,22637.349609375,22638.25,22628.69921875,22636.94921875,0
2026-10-07 14:33:00,22637.25,22644.150390625,22633.30078125,22637.25,0
2026-10-07 14:34:00,22637.44921875,22637.75,22628.900390625,22629.349609375,0
2026-10-07 14:35:00,22629.400390625,22632.19921875,22619.30078125,22624.94921875,0
2026-10-07 14:36:00,22624.94921875,22625.349609375,22612.55078125,22618.599609375,0
2026-10-07 14:37:00,22618.650390625,22622.5,22612.80078125,22617.75,0
2026-10-07 14:38:00,22617.75,22620.0,22612.349609375,22614.599609375,0
2026-10-07 14:39:00,22615.0,22617.349609375,22607.69921875,22609.599609375,0
2026-10-07 14:40:00,22609.80078125,22613.80078125,22606.349609375,22609.5,0
2026-10-07 14:41:00,22609.80078125,22614.349609375,22609.400390625,22614.349609375,0
2026-10-07 14:42:00,22614.400390625,22619.650390625,22614.05078125,22615.849609375,0
2026-10-07 14:43:00,22615.94921875,22619.80078125,22615.150390625,22616.30078125,0
2026-10-07 14:44:00,22616.0,22620.849609375,22614.94921875,22620.400390625,0
2026-10-07 14:45:00,22620.30078125,22622.75,22617.55078125,22618.349609375,0
2026-10-07 14:46:00,22618.30078125,22621.0,22616.30078125,22617.849609375,0
2026-10-07 14:47:00,22617.75,22619.30078125,22607.849609375,22607.849609375,0
2026-10-07 14:48:00,22607.75,22609.150390625,22601.0,22606.44921875,0
2026-10-07 14:49:00,22605.69921875,22615.900390625,22605.69921875,22612.30078125,0
2026-10-07 14:50:00,22612.25,22614.30078125,22601.349609375,22602.0,0
2026-10-07 14:51:00,22602.19921875,22603.0,22582.0,22583.55078125,0
2026-10-07 14:52:00,22583.650390625,22593.400390625,22582.849609375,22590.5,0
2026-10-07 14:53:00,22590.900390625,22598.150390625,22588.05078125,22597.05078125,0
2026-10-07 14:54:00,22596.44921875,22603.30078125,22596.25,22602.05078125,0
2026-10-07 14:55:00,22602.19921875,22607.650390625,22601.80078125,22605.5,0
2026-10-07 14:56:00,22605.75,22608.80078125,22601.849609375,22602.05078125,0
2026-10-07 14:57:00,22602.05078125,22607.0,22599.55078125,22601.0,0
2026-10-07 14:58:00,22600.650390625,22605.80078125,22599.75,22603.80078125,0
2026-10-07 14:59:00,22604.0,22605.44921875,22593.5,22593.5,0
2026-10-07 15:00:00,22593.75,22595.44921875,22589.30078125,22591.25,0
2026-10-07 15:01:00,22591.099609375,22595.19921875,22590.75,22593.44921875,0
2026-10-07 15:02:00,22593.400390625,22594.80078125,22589.150390625,22591.94921875,0
2026-10-07 15:03:00,22591.849609375,22596.900390625,22591.05078125,22596.599609375,0
2026-10-07 15:04:00,22596.599609375,22598.650390625,22594.150390625,22596.0,0
2026-10-07 15:05:00,22596.150390625,22596.5,22586.400390625,22588.19921875,0
2026-10-07 15:06:00,22588.099609375,22589.0,22582.05078125,22585.650390625,0
2026-10-07 15:07:00,22585.75,22586.650390625,22581.599609375,22584.5,0
2026-10-07 15:08:00,22584.5,22585.099609375,22577.75,22579.150390625,0
2026-10-07 15:09:00,22579.099609375,22583.599609375,22574.400390625,22583.05078125,0
2026-10-07 15:10:00,22582.80078125,22586.44921875,22579.5,22584.19921875,0
2026-10-07 15:11:00,22584.0,22588.400390625,22581.69921875,22585.849609375,0
2026-10-07 15:12:00,22585.650390625,22589.150390625,22578.94921875,22585.900390625,0
2026-10-07 15:13:00,22585.80078125,22593.19921875,22584.0,22588.25,0
2026-10-07 15:14:00,22588.349609375,22614.55078125,22586.30078125,22614.55078125,0
2026-10-07 15:15:00,22615.44921875,22615.44921875,22615.44921875,22615.44921875,0
2026-10-07 15:16:00,22615.44921875,22615.44921875,22615.44921875,22615.44921875,0
2026-10-07 15:17:00,22615.44921875,22615.44921875,22615.44921875,22615.44921875,0
2026-10-07 15:18:00,22615.44921875,22615.44921875,22615.44921875,22615.44921875,0
2026-10-07 15:19:00,22615.44921875,22615.44921875,22615.44921875,22615.44921875,0
2026-10-07 15:20:00,22615.44921875,22615.44921875,22615.44921875,22615.44921875,0
2026-10-07 15:21:00,22615.44921875,22615.44921875,22615.44921875,22615.44921875,0
2026-10-07 15:22:00,22615.44921875,22615.44921875,22615.44921875,22615.44921875,0
2026-10-07 15:23:00,22615.44921875,22615.44921875,22615.44921875,22615.44921875,0
2026-10-07 15:24:00,22615.44921875,22615.44921875,22615.44921875,22615.44921875,0
2026-10-07 15:25:00,22615.44921875,22615.44921875,22615.44921875,22615.44921875,0
2026-10-07 15:26:00,22615.44921875,22615.44921875,22615.44921875,22615.44921875,0
2026-10-07 15:27:00,22615.44921875,22615.44921875,22615.44921875,22615.44921875,0
2026-10-07 15:28:00,22615.44921875,22615.44921875,22615.44921875,22615.44921875,0
2026-10-07 15:29:00,22615.44921875,22615.44921875,22603.05078125,22603.05078125,0
2026-10-08 09:15:00,22599.05078125,22599.05078125,22521.69921875,22526.94921875,0
2026-10-08 09:16:00,22526.25,22564.30078125,22525.0,22563.19921875,0
2026-10-08 09:17:00,22562.900390625,22567.69921875,22537.94921875,22545.900390625,0
2026-10-08 09:18:00,22546.05078125,22552.69921875,22541.5,22546.05078125,0
2026-10-08 09:19:00,22547.0,22548.5,22527.94921875,22528.5,0
2026-10-08 09:20:00,22530.80078125,22546.099609375,22530.099609375,22543.94921875,0
2026-10-08 09:21:00,22544.099609375,22550.650390625,22533.94921875,22536.5,0
2026-10-08 09:22:00,22537.05078125,22537.75,22522.25,22526.5,0
2026-10-08 09:23:00,22529.0,22531.900390625,22521.900390625,22531.150390625,0
2026-10-08 09:24:00,22530.55078125,22536.80078125,22514.599609375,22516.80078125,0
2026-10-08 09:25:00,22518.849609375,22518.849609375,22499.30078125,22500.099609375,0
2026-10-08 09:26:00,22500.900390625,22502.150390625,22487.05078125,22489.44921875,0
2026-10-08 09:27:00,22490.349609375,22492.0,22475.849609375,22479.5,0
2026-10-08 09:28:00,22479.69921875,22496.55078125,22479.5,22494.400390625,0
2026-10-08 09:29:00,22495.75,22506.849609375,22493.75,22504.099609375,0
2026-10-08 09:30:00,22503.55078125,22525.55078125,22499.25,22514.55078125,0
2026-10-08 09:31:00,22515.849609375,22519.900390625,22496.69921875,22508.400390625,0
2026-10-08 09:32:00,22511.0,22517.650390625,22507.44921875,22510.099609375,0
2026-10-08 09:33:00,22509.75,22518.5,22509.55078125,22512.44921875,0
2026-10-08 09:34:00,22513.150390625,22513.400390625,22499.349609375,22504.599609375,0
2026-10-08 09:35:00,22506.0,22507.44921875,22494.599609375,22495.44921875,0
2026-10-08 09:36:00,22497.349609375,22516.099609375,22497.0,22514.30078125,0
2026-10-08 09:37:00,22514.150390625,22517.30078125,22507.900390625,22511.400390625,0
2026-10-08 09:38:00,22511.19921875,22516.599609375,22501.69921875,22501.69921875,0
2026-10-08 09:39:00,22502.25,22505.75,22498.94921875,22499.849609375,0
2026-10-08 09:40:00,22499.849609375,22500.94921875,22486.349609375,22488.400390625,0
2026-10-08 09:41:00,22489.0,22492.80078125,22483.30078125,22492.44921875,0
2026-10-08 09:42:00,22493.099609375,22498.349609375,22486.099609375,22492.55078125,0
2026-10-08 09:43:00,22494.30078125,22498.849609375,22468.5,22471.0,0
2026-10-08 09:44:00,22471.349609375,22472.900390625,22459.94921875,22472.44921875,0
2026-10-08 09:45:00,22473.55078125,22473.55078125,22452.5,22452.650390625,0
2026-10-08 09:46:00,22453.05078125,22458.69921875,22446.849609375,22452.94921875,0
2026-10-08 09:47:00,22453.25,22454.650390625,22445.69921875,22451.05078125,0
2026-10-08 09:48:00,22451.80078125,22452.25,22446.150390625,22449.650390625,0
2026-10-08 09:49:00,22450.55078125,22469.599609375,22448.69921875,22468.94921875,0
2026-10-08 09:50:00,22469.05078125,22477.05078125,22465.30078125,22468.650390625,0
2026-10-08 09:51:00,22469.75,22478.349609375,22468.150390625,22478.30078125,0
2026-10-08 09:52:00,22478.5,22483.0,22470.69921875,22472.30078125,0
2026-10-08 09:53:00,22472.55078125,22474.19921875,22466.400390625,22473.650390625,0
2026-10-08 09:54:00,22473.5,22477.400390625,22464.099609375,22464.30078125,0
2026-10-08 09:55:00,22464.30078125,22476.400390625,22462.0,22471.849609375,0
2026-10-08 09:56:00,22472.0,22478.19921875,22470.80078125,22474.099609375,0
2026-10-08 09:57:00,22474.94921875,22475.94921875,22470.69921875,22472.349609375,0
2026-10-08 09:58:00,22472.150390625,22486.30078125,22471.30078125,22479.69921875,0
2026-10-08 09:59:00,22479.5,22480.69921875,22472.80078125,22473.650390625,0
2026-10-08 10:00:00,22473.94921875,22474.44921875,22465.75,22472.900390625,0
2026-10-08 10:01:00,22472.900390625,22477.349609375,22466.599609375,22467.55078125,0
2026-10-08 10:02:00,22468.650390625,22476.05078125,22466.900390625,22474.900390625,0
2026-10-08 10:03:00,22475.55078125,22475.55078125,22469.55078125,22473.849609375,0
2026-10-08 10:04:00,22473.900390625,22482.44921875,22473.150390625,22481.400390625,0
2026-10-08 10:05:00,22481.400390625,22483.75,22477.30078125,22480.150390625,0
2026-10-08 10:06:00,22481.25,22484.099609375,22474.5,22474.94921875,0
2026-10-08 10:07:00,22475.849609375,22480.650390625,22473.5,22478.55078125,0
2026-10-08 10:08:00,22478.599609375,22480.05078125,22469.30078125,22470.80078125,0
2026-10-08 10:09:00,22472.75,22474.94921875,22460.400390625,22467.599609375,0
2026-10-08 10:10:00,22467.900390625,22476.099609375,22465.80078125,22474.30078125,0
2026-10-08 10:11:00,22475.05078125,22481.55078125,22473.55078125,22481.55078125,0
2026-10-08 10:12:00,22482.400390625,22493.44921875,22480.94921875,22492.94921875,0
2026-10-08 10:13:00,22494.0,22497.75,22492.80078125,22495.849609375,0
2026-10-08 10:14:00,22496.80078125,22498.099609375,22486.0,22487.05078125,0
2026-10-08 10:15:00,22487.55078125,22488.099609375,22483.80078125,22487.099609375,0
2026-10-08 10:16:00,22487.30078125,22494.349609375,22475.05078125,22476.44921875,0
2026-10-08 10:17:00,22477.150390625,22482.80078125,22475.05078125,22476.05078125,0
2026-10-08 10:18:00,22476.94921875,22478.0,22473.599609375,22474.900390625,0
2026-10-08 10:19:00,22474.900390625,22476.30078125,22460.55078125,22460.80078125,0
2026-10-08 10:20:00,22461.30078125,22461.30078125,22443.44921875,22443.80078125,0
2026-10-08 10:21:00,22443.900390625,22452.599609375,22439.55078125,22450.80078125,0
2026-10-08 10:22:00,22450.80078125,22456.599609375,22442.900390625,22449.400390625,0
2026-10-08 10:23:00,22449.80078125,22454.150390625,22446.650390625,22451.0,0
2026-10-08 10:24:00,22450.900390625,22457.849609375,22449.099609375,22456.900390625,0
2026-10-08 10:25:00,22458.5,22469.55078125,22456.150390625,22467.849609375,0
2026-10-08 10:26:00,22467.849609375,22470.80078125,22464.19921875,22464.44921875,0
2026-10-08 10:27:00,22464.599609375,22470.0,22460.55078125,22468.80078125,0
2026-10-08 10:28:00,22468.80078125,22471.099609375,22464.69921875,22468.44921875,0
2026-10-08 10:29:00,22468.5,22470.80078125,22462.849609375,22464.80078125,0
2026-10-08 10:30:00,22464.900390625,22466.599609375,22453.69921875,22454.099609375,0
2026-10-08 10:31:00,22455.400390625,22458.900390625,22450.0,22454.80078125,0
2026-10-08 10:32:00,22454.349609375,22455.400390625,22440.400390625,22441.5,0
2026-10-08 10:33:00,22441.5,22443.75,22432.80078125,22443.650390625,0
2026-10-08 10:34:00,22445.25,22452.900390625,22442.5,22451.55078125,0
2026-10-08 10:35:00,22452.400390625,22455.55078125,22449.19921875,22450.5,0
2026-10-08 10:36:00,22452.05078125,22455.25,22449.05078125,22451.44921875,0
2026-10-08 10:37:00,22452.19921875,22452.19921875,22437.5,22441.0,0
2026-10-08 10:38:00,22441.650390625,22442.55078125,22435.900390625,22436.849609375,0
2026-10-08 10:39:00,22437.5,22438.400390625,22426.650390625,22427.0,0
2026-10-08 10:40:00,22428.650390625,22431.349609375,22419.650390625,22421.19921875,0
2026-10-08 10:41:00,22423.099609375,22438.5,22422.150390625,22434.19921875,0
2026-10-08 10:42:00,22435.30078125,22440.849609375,22432.25,22438.599609375,0
2026-10-08 10:43:00,22439.150390625,22446.80078125,22437.80078125,22446.80078125,0
2026-10-08 10:44:00,22447.55078125,22447.55078125,22432.30078125,22434.69921875,0
2026-10-08 10:45:00,22434.5,22440.650390625,22432.44921875,22439.05078125,0
2026-10-08 10:46:00,22440.25,22453.05078125,22439.44921875,22452.19921875,0
2026-10-08 10:47:00,22452.099609375,22460.150390625,22451.599609375,22458.099609375,0
2026-10-08 10:48:00,22458.900390625,22458.94921875,22451.19921875,22452.25,0
2026-10-08 10:49:00,22454.099609375,22459.80078125,22449.94921875,22457.5,0
2026-10-08 10:50:00,22458.55078125,22458.55078125,22449.05078125,22455.19921875,0
2026-10-08 10:51:00,22455.80078125,22460.099609375,22452.55078125,22453.94921875,0
2026-10-08 10:52:00,22455.05078125,22455.05078125,22445.900390625,22447.69921875,0
2026-10-08 10:53:00,22449.25,22453.25,22447.44921875,22449.55078125,0
2026-10-08 10:54:00,22450.05078125,22450.150390625,22440.44921875,22447.599609375,0
2026-10-08 10:55:00,22447.849609375,22449.900390625,22435.150390625,22437.05078125,0
2026-10-08 10:56:00,22437.599609375,22437.599609375,22431.349609375,22435.599609375,0
2026-10-08 10:57:00,22437.05078125,22437.349609375,22431.150390625,22434.44921875,0
2026-10-08 10:58:00,22435.55078125,22440.94921875,22431.80078125,22439.150390625,0
2026-10-08 10:59:00,22439.599609375,22440.349609375,22434.900390625,22435.30078125,0
2026-10-08 11:00:00,22437.099609375,22437.099609375,22421.69921875,22423.150390625,0
2026-10-08 11:01:00,22424.69921875,22433.94921875,22421.25,22431.900390625,0
2026-10-08 11:02:00,22432.69921875,22437.05078125,22429.75,22435.44921875,0
2026-10-08 11:03:00,22436.400390625,22444.25,22433.150390625,22442.55078125,0
2026-10-08 11:04:00,22444.80078125,22452.150390625,22440.75,22444.94921875,0
2026-10-08 11:05:00,22445.69921875,22448.19921875,22443.0,22446.80078125,0
2026-10-08 11:06:00,22449.349609375,22453.80078125,22445.849609375,22453.150390625,0
2026-10-08 11:07:00,22454.19921875,22459.0,22444.44921875,22446.69921875,0
2026-10-08 11:08:00,22447.599609375,22448.099609375,22440.599609375,22444.30078125,0
2026-10-08 11:09:00,22443.400390625,22444.55078125,22437.80078125,22442.5,0
2026-10-08 11:10:00,22442.44921875,22448.099609375,22442.0,22445.25,0
2026-10-08 11:11:00,22446.849609375,22446.849609375,22440.94921875,22445.75,0
2026-10-08 11:12:00,22445.69921875,22452.099609375,22443.849609375,22451.69921875,0
2026-10-08 11:13:00,22452.349609375,22454.150390625,22447.900390625,22448.75,0
2026-10-08 11:14:00,22448.44921875,22449.099609375,22438.5,22440.400390625,0
2026-10-08 11:15:00,22440.150390625,22450.44921875,22440.05078125,22447.5,0
2026-10-08 11:16:00,22447.650390625,22453.55078125,22445.69921875,22448.349609375,0
2026-10-08 11:17:00,22448.349609375,22452.5,22445.849609375,22446.55078125,0
2026-10-08 11:18:00,22446.5,22456.80078125,22446.150390625,22449.05078125,0
2026-10-08 11:19:00,22449.349609375,22452.900390625,22443.30078125,22443.30078125,0
2026-10-08 11:20:00,22443.44921875,22444.849609375,22429.44921875,22429.599609375,0
2026-10-08 11:21:00,22429.25,22432.349609375,22409.349609375,22409.349609375,0
2026-10-08 11:22:00,22410.80078125,22412.94921875,22395.150390625,22396.900390625,0
2026-10-08 11:23:00,22397.150390625,22402.30078125,22392.900390625,22400.05078125,0
2026-10-08 11:24:00,22399.19921875,22401.25,22396.30078125,22399.0,0
2026-10-08 11:25:00,22399.44921875,22399.44921875,22356.80078125,22357.80078125,0
2026-10-08 11:26:00,22357.94921875,22372.0,22355.25,22355.44921875,0
2026-10-08 11:27:00,22354.349609375,22358.94921875,22342.849609375,22345.849609375,0
2026-10-08 11:28:00,22345.849609375,22348.650390625,22329.44921875,22330.650390625,0
2026-10-08 11:29:00,22331.0,22346.25,22328.80078125,22337.150390625,0
2026-10-08 11:30:00,22338.150390625,22348.400390625,22334.0,22347.30078125,0
2026-10-08 11:31:00,22348.44921875,22364.900390625,22348.44921875,22362.44921875,0
2026-10-08 11:32:00,22362.55078125,22373.69921875,22360.5,22361.94921875,0
2026-10-08 11:33:00,22361.94921875,22368.25,22361.44921875,22363.44921875,0
2026-10-08 11:34:00,22364.099609375,22365.349609375,22358.55078125,22360.150390625,0
2026-10-08 11:35:00,22360.75,22364.44921875,22350.400390625,22350.94921875,0
2026-10-08 11:36:00,22351.69921875,22374.25,22351.69921875,22372.69921875,0
2026-10-08 11:37:00,22373.0,22373.19921875,22362.25,22363.94921875,0
2026-10-08 11:38:00,22363.94921875,22366.900390625,22351.400390625,22353.94921875,0
2026-10-08 11:39:00,22353.849609375,22357.19921875,22350.349609375,22353.94921875,0
2026-10-08 11:40:00,22354.25,22363.05078125,22354.25,22359.19921875,0
2026-10-08 11:41:00,22359.19921875,22365.650390625,22356.19921875,22362.25,0
2026-10-08 11:42:00,22362.25,22365.150390625,22359.25,22363.400390625,0
2026-10-08 11:43:00,22363.30078125,22372.30078125,22363.05078125,22369.599609375,0
2026-10-08 11:44:00,22369.650390625,22375.25,22365.30078125,22372.150390625,0
2026-10-08 11:45:00,22372.69921875,22374.69921875,22365.0,22369.25,0
2026-10-08 11:46:00,22370.05078125,22381.69921875,22365.25,22376.75,0
2026-10-08 11:47:00,22376.19921875,22380.900390625,22370.05078125,22372.55078125,0
2026-10-08 11:48:00,22372.55078125,22375.099609375,22367.94921875,22371.349609375,0
2026-10-08 11:49:00,22371.400390625,22374.599609375,22368.900390625,22372.849609375,0
2026-10-08 11:50:00,22372.94921875,22376.75,22369.30078125,22376.30078125,0
2026-10-08 11:51:00,22376.400390625,22380.69921875,22372.69921875,22380.05078125,0
2026-10-08 11:52:00,22380.150390625,22382.75,22374.849609375,22375.0,0
2026-10-08 11:53:00,22374.55078125,22377.30078125,22371.05078125,22371.599609375,0
2026-10-08 11:54:00,22371.44921875,22376.25,22368.0,22371.650390625,0
2026-10-08 11:55:00,22372.0,22374.099609375,22368.55078125,22370.5,0
2026-10-08 11:56:00,22370.05078125,22371.900390625,22366.0,22368.400390625,0
2026-10-08 11:57:00,22368.650390625,22376.69921875,22366.849609375,22372.0,0
2026-10-08 11:58:00,22372.099609375,22372.150390625,22355.05078125,22358.650390625,0
2026-10-08 11:59:00,22358.19921875,22360.5,22350.150390625,22351.849609375,0
2026-10-08 12:00:00,22352.05078125,22354.5,22341.599609375,22342.099609375,0
2026-10-08 12:01:00,22342.30078125,22357.5,22340.19921875,22356.900390625,0
2026-10-08 12:02:00,22357.150390625,22363.25,22354.400390625,22354.900390625,0
2026-10-08 12:03:00,22354.900390625,22361.349609375,22352.55078125,22357.80078125,0
2026-10-08 12:04:00,22357.80078125,22358.400390625,22348.099609375,22353.19921875,0
2026-10-08 12:05:00,22354.19921875,22355.80078125,22344.599609375,22346.44921875,0
2026-10-08 12:06:00,22348.19921875,22348.94921875,22341.849609375,22345.30078125,0
2026-10-08 12:07:00,22345.5,22350.5,22340.849609375,22344.0,0
2026-10-08 12:08:00,22344.099609375,22355.75,22344.099609375,22350.900390625,0
2026-10-08 12:09:00,22350.25,22358.44921875,22350.25,22352.150390625,0
2026-10-08 12:10:00,22352.0,22354.599609375,22348.099609375,22351.80078125,0
2026-10-08 12:11:00,22351.75,22355.849609375,22351.75,22352.650390625,0
2026-10-08 12:12:00,22352.349609375,22360.650390625,22352.349609375,22356.05078125,0
2026-10-08 12:13:00,22356.0,22362.349609375,22352.349609375,22357.25,0
2026-10-08 12:14:00,22355.69921875,22359.44921875,22347.099609375,22347.099609375,0
2026-10-08 12:15:00,22347.44921875,22351.849609375,22341.30078125,22342.25,0
2026-10-08 12:16:00,22342.0,22343.25,22335.400390625,22341.900390625,0
2026-10-08 12:17:00,22341.849609375,22342.69921875,22322.80078125,22326.099609375,0
2026-10-08 12:18:00,22325.349609375,22331.599609375,22319.849609375,22328.5,0
2026-10-08 12:19:00,22328.30078125,22329.349609375,22322.349609375,22324.75,0
2026-10-08 12:20:00,22324.849609375,22331.0,22324.849609375,22327.599609375,0
2026-10-08 12:21:00,22327.75,22342.099609375,22327.30078125,22340.0,0
2026-10-08 12:22:00,22340.0,22342.05078125,22323.150390625,22323.44921875,0
2026-10-08 12:23:00,22323.900390625,22325.900390625,22316.099609375,22316.099609375,0
2026-10-08 12:24:00,22316.25,22319.349609375,22312.05078125,22313.25,0
2026-10-08 12:25:00,22313.25,22314.44921875,22305.5,22310.900390625,0
2026-10-08 12:26:00,22310.849609375,22323.0,22310.5,22322.94921875,0
2026-10-08 12:27:00,22322.69921875,22330.349609375,22322.69921875,22326.69921875,0
2026-10-08 12:28:00,22326.849609375,22328.349609375,22322.349609375,22323.5,0
2026-10-08 12:29:00,22323.900390625,22328.349609375,22322.150390625,22322.19921875,0
2026-10-08 12:30:00,22322.30078125,22323.80078125,22299.599609375,22300.94921875,0
2026-10-08 12:31:00,22300.650390625,22302.94921875,22294.599609375,22298.75,0
2026-10-08 12:32:00,22299.0,22307.44921875,22298.55078125,22301.94921875,0
2026-10-08 12:33:00,22302.05078125,22302.099609375,22282.0,22283.5,0
2026-10-08 12:34:00,22283.400390625,22295.650390625,22283.349609375,22293.44921875,0
2026-10-08 12:35:00,22294.25,22304.69921875,22293.44921875,22303.30078125,0
2026-10-08 12:36:00,22303.150390625,22304.05078125,22289.400390625,22289.94921875,0
2026-10-08 12:37:00,22289.94921875,22299.44921875,22288.349609375,22293.75,0
2026-10-08 12:38:00,22293.599609375,22295.30078125,22279.94921875,22281.0,0
2026-10-08 12:39:00,22280.80078125,22281.400390625,22273.0,22276.30078125,0
2026-10-08 12:40:00,22275.69921875,22290.25,22275.69921875,22284.94921875,0
2026-10-08 12:41:00,22285.099609375,22291.94921875,22280.849609375,22290.25,0
2026-10-08 12:42:00,22290.5,22292.099609375,22285.400390625,22291.25,0
2026-10-08 12:43:00,22291.150390625,22297.19921875,22288.5,22296.349609375,0
2026-10-08 12:44:00,22296.19921875,22299.55078125,22292.650390625,22293.30078125,0
2026-10-08 12:45:00,22293.30078125,22294.099609375,22289.5,22290.69921875,0
2026-10-08 12:46:00,22291.650390625,22305.30078125,22291.30078125,22305.099609375,0
2026-10-08 12:47:00,22304.80078125,22307.849609375,22292.849609375,22292.849609375,0
2026-10-08 12:48:00,22292.849609375,22294.30078125,22290.0,22291.349609375,0
2026-10-08 12:49:00,22291.44921875,22293.05078125,22285.75,22286.599609375,0
2026-10-08 12:50:00,22286.0,22292.80078125,22283.75,22284.400390625,0
2026-10-08 12:51:00,22284.400390625,22285.849609375,22282.30078125,22285.05078125,0
2026-10-08 12:52:00,22284.099609375,22287.349609375,22283.25,22284.19921875,0
2026-10-08 12:53:00,22284.099609375,22291.44921875,22281.849609375,22287.25,0
2026-10-08 12:54:00,22287.19921875,22291.75,22287.05078125,22288.400390625,0
2026-10-08 12:55:00,22288.44921875,22290.0,22278.5,22280.19921875,0
2026-10-08 12:56:00,22280.349609375,22281.05078125,22257.400390625,22258.150390625,0
2026-10-08 12:57:00,22258.25,22267.55078125,22258.150390625,22262.650390625,0
2026-10-08 12:58:00,22262.55078125,22264.5,22255.19921875,22262.650390625,0
2026-10-08 12:59:00,22262.80078125,22267.599609375,22262.400390625,22266.849609375,0
2026-10-08 13:00:00,22266.94921875,22271.19921875,22256.75,22259.80078125,0
2026-10-08 13:01:00,22260.05078125,22275.849609375,22260.05078125,22275.69921875,0
2026-10-08 13:02:00,22275.5,22280.69921875,22274.900390625,22278.80078125,0
2026-10-08 13:03:00,22278.5,22281.599609375,22274.55078125,22281.599609375,0
2026-10-08 13:04:00,22281.55078125,22293.55078125,22279.25,22292.400390625,0
2026-10-08 13:05:00,22292.25,22293.900390625,22279.900390625,22280.650390625,0
2026-10-08 13:06:00,22280.599609375,22283.44921875,22275.400390625,22278.099609375,0
2026-10-08 13:07:00,22278.099609375,22282.650390625,22271.5,22276.69921875,0
2026-10-08 13:08:00,22275.900390625,22288.19921875,22274.94921875,22285.599609375,0
2026-10-08 13:09:00,22285.900390625,22286.849609375,22278.400390625,22282.30078125,0
2026-10-08 13:10:00,22282.349609375,22283.650390625,22276.400390625,22280.05078125,0
2026-10-08 13:11:00,22280.0,22284.25,22271.099609375,22272.349609375,0
2026-10-08 13:12:00,22272.05078125,22277.400390625,22267.099609375,22271.69921875,0
2026-10-08 13:13:00,22273.05078125,22275.650390625,22271.19921875,22273.5,0
2026-10-08 13:14:00,22273.55078125,22278.900390625,22271.099609375,22277.5,0
2026-10-08 13:15:00,22277.44921875,22278.44921875,22260.400390625,22261.349609375,0
2026-10-08 13:16:00,22261.19921875,22263.69921875,22253.099609375,22263.25,0
2026-10-08 13:17:00,22262.849609375,22266.25,22254.55078125,22254.849609375,0
2026-10-08 13:18:00,22254.849609375,22255.69921875,22246.80078125,22248.44921875,0
2026-10-08 13:19:00,22249.150390625,22251.150390625,22243.44921875,22243.650390625,0
2026-10-08 13:20:00,22243.650390625,22246.75,22236.19921875,22236.55078125,0
2026-10-08 13:21:00,22236.30078125,22248.30078125,22232.400390625,22247.25,0
2026-10-08 13:22:00,22247.55078125,22266.349609375,22246.099609375,22266.349609375,0
2026-10-08 13:23:00,22266.349609375,22269.099609375,22259.94921875,22264.349609375,0
2026-10-08 13:24:00,22264.30078125,22268.80078125,22263.099609375,22263.650390625,0
2026-10-08 13:25:00,22264.099609375,22268.349609375,22259.94921875,22260.099609375,0
2026-10-08 13:26:00,22260.099609375,22262.75,22249.30078125,22249.94921875,0
2026-10-08 13:27:00,22250.099609375,22254.44921875,22242.099609375,22243.25,0
2026-10-08 13:28:00,22243.150390625,22248.30078125,22239.150390625,22240.400390625,0
2026-10-08 13:29:00,22239.75,22242.25,22233.5,22235.69921875,0
2026-10-08 13:30:00,22236.0,22238.099609375,22228.19921875,22230.400390625,0
2026-10-08 13:31:00,22230.44921875,22249.599609375,22228.849609375,22247.099609375,0
2026-10-08 13:32:00,22247.0,22253.80078125,22240.55078125,22244.599609375,0
2026-10-08 13:33:00,22244.650390625,22262.69921875,22243.900390625,22257.05078125,0
2026-10-08 13:34:00,22257.150390625,22269.55078125,22256.099609375,22269.150390625,0
2026-10-08 13:35:00,22268.80078125,22281.900390625,22268.80078125,22271.05078125,0
2026-10-08 13:36:00,22270.94921875,22272.099609375,22264.94921875,22267.75,0
2026-10-08 13:37:00,22266.599609375,22279.849609375,22264.849609375,22279.150390625,0
2026-10-08 13:38:00,22279.849609375,22291.099609375,22279.849609375,22284.75,0
2026-10-08 13:39:00,22284.599609375,22285.150390625,22279.55078125,22281.400390625,0
2026-10-08 13:40:00,22281.25,22283.55078125,22261.0,22263.599609375,0
2026-10-08 13:41:00,22263.44921875,22272.75,22263.19921875,22271.05078125,0
2026-10-08 13:42:00,22271.349609375,22272.25,22258.5,22259.599609375,0
2026-10-08 13:43:00,22259.599609375,22259.599609375,22251.650390625,22252.849609375,0
2026-10-08 13:44:00,22252.80078125,22255.05078125,22249.0,22250.69921875,0
2026-10-08 13:45:00,22250.849609375,22253.44921875,22237.05078125,22240.19921875,0
2026-10-08 13:46:00,22240.349609375,22243.30078125,22237.349609375,22237.650390625,0
2026-10-08 13:47:00,22238.349609375,22239.44921875,22233.349609375,22235.849609375,0
2026-10-08 13:48:00,22236.55078125,22245.94921875,22234.5,22243.94921875,0
2026-10-08 13:49:00,22243.94921875,22245.349609375,22236.94921875,22239.69921875,0
2026-10-08 13:50:00,22239.849609375,22245.599609375,22237.94921875,22241.19921875,0
2026-10-08 13:51:00,22241.19921875,22242.650390625,22233.599609375,22236.900390625,0
2026-10-08 13:52:00,22236.150390625,22237.94921875,22233.150390625,22236.599609375,0
2026-10-08 13:53:00,22236.44921875,22248.05078125,22234.94921875,22241.5,0
2026-10-08 13:54:00,22241.5,22246.150390625,22235.099609375,22236.80078125,0
2026-10-08 13:55:00,22236.80078125,22245.05078125,22234.75,22240.75,0
2026-10-08 13:56:00,22240.75,22244.05078125,22239.400390625,22242.30078125,0
2026-10-08 13:57:00,22242.25,22248.150390625,22241.099609375,22245.5,0
2026-10-08 13:58:00,22246.25,22247.19921875,22236.55078125,22236.849609375,0
2026-10-08 13:59:00,22237.5,22242.900390625,22231.55078125,22239.75,0
2026-10-08 14:00:00,22240.349609375,22242.75,22218.44921875,22220.150390625,0
2026-10-08 14:01:00,22219.650390625,22230.599609375,22219.650390625,22227.650390625,0
2026-10-08 14:02:00,22227.650390625,22231.349609375,22222.05078125,22227.599609375,0
2026-10-08 14:03:00,22227.44921875,22230.19921875,22222.44921875,22228.25,0
2026-10-08 14:04:00,22228.19921875,22228.80078125,22210.599609375,22212.05078125,0
2026-10-08 14:05:00,22212.099609375,22222.55078125,22209.94921875,22221.75,0
2026-10-08 14:06:00,22221.69921875,22227.599609375,22220.650390625,22221.849609375,0
2026-10-08 14:07:00,22222.099609375,22224.44921875,22220.80078125,22222.44921875,0
2026-10-08 14:08:00,22222.55078125,22224.44921875,22216.5,22217.599609375,0
2026-10-08 14:09:00,22217.349609375,22220.599609375,22214.900390625,22216.650390625,0
2026-10-08 14:10:00,22216.599609375,22216.599609375,22206.099609375,22206.69921875,0
2026-10-08 14:11:00,22206.44921875,22214.599609375,22205.0,22207.94921875,0
2026-10-08 14:12:00,22207.30078125,22215.44921875,22207.30078125,22214.69921875,0
2026-10-08 14:13:00,22214.55078125,22230.05078125,22211.80078125,22228.80078125,0
2026-10-08 14:14:00,22228.900390625,22237.150390625,22225.44921875,22236.25,0
2026-10-08 14:15:00,22236.150390625,22244.849609375,22229.849609375,22242.05078125,0
2026-10-08 14:16:00,22241.94921875,22243.400390625,22224.69921875,22227.25,0
2026-10-08 14:17:00,22227.30078125,22232.30078125,22224.900390625,22226.05078125,0
2026-10-08 14:18:00,22225.94921875,22227.0,22215.349609375,22216.599609375,0
2026-10-08 14:19:00,22216.44921875,22218.349609375,22211.5,22215.75,0
2026-10-08 14:20:00,22214.5,22219.30078125,22205.69921875,22207.599609375,0
2026-10-08 14:21:00,22207.650390625,22209.75,22193.25,22194.150390625,0
2026-10-08 14:22:00,22194.25,22209.5,22190.099609375,22205.5,0
2026-10-08 14:23:00,22205.44921875,22217.94921875,22204.650390625,22209.94921875,0
2026-10-08 14:24:00,22209.900390625,22217.349609375,22206.44921875,22209.099609375,0
2026-10-08 14:25:00,22209.0,22214.44921875,22207.5,22209.099609375,0
2026-10-08 14:26:00,22209.25,22210.44921875,22200.650390625,22200.69921875,0
2026-10-08 14:27:00,22201.150390625,22205.150390625,22193.349609375,22196.150390625,0
2026-10-08 14:28:00,22195.94921875,22208.94921875,22195.650390625,22208.75,0
2026-10-08 14:29:00,22208.900390625,22215.900390625,22207.69921875,22214.80078125,0
2026-10-08 14:30:00,22214.849609375,22234.44921875,22210.349609375,22232.150390625,0
2026-10-08 14:31:00,22231.75,22237.349609375,22221.75,22236.75,0
2026-10-08 14:32:00,22236.0,22244.0,22234.25,22243.849609375,0
2026-10-08 14:33:00,22243.5,22245.69921875,22230.599609375,22237.0,0
2026-10-08 14:34:00,22236.400390625,22242.80078125,22233.05078125,22235.44921875,0
2026-10-08 14:35:00,22235.44921875,22244.650390625,22235.44921875,22243.900390625,0
2026-10-08 14:36:00,22244.44921875,22244.849609375,22233.349609375,22236.25,0
2026-10-08 14:37:00,22235.19921875,22242.75,22234.099609375,22238.69921875,0
2026-10-08 14:38:00,22238.69921875,22254.25,22238.599609375,22253.099609375,0
2026-10-08 14:39:00,22252.849609375,22256.0,22246.44921875,22248.75,0
2026-10-08 14:40:00,22248.5,22252.25,22247.5,22248.80078125,0
2026-10-08 14:41:00,22248.44921875,22251.05078125,22244.94921875,22248.5,0
2026-10-08 14:42:00,22248.44921875,22250.0,22239.599609375,22241.900390625,0
2026-10-08 14:43:00,22241.900390625,22244.19921875,22233.75,22239.94921875,0
2026-10-08 14:44:00,22240.69921875,22241.5,22224.150390625,22225.849609375,0
2026-10-08 14:45:00,22226.150390625,22233.05078125,22223.0,22226.099609375,0
2026-10-08 14:46:00,22226.19921875,22229.30078125,22222.75,22224.400390625,0
2026-10-08 14:47:00,22223.69921875,22232.099609375,22223.599609375,22228.25,0
2026-10-08 14:48:00,22228.150390625,22229.400390625,22213.349609375,22215.099609375,0
2026-10-08 14:49:00,22215.25,22217.400390625,22210.80078125,22215.25,0
2026-10-08 14:50:00,22215.099609375,22221.75,22213.400390625,22219.69921875,0
2026-10-08 14:51:00,22219.599609375,22236.05078125,22218.75,22231.650390625,0
2026-10-08 14:52:00,22231.650390625,22236.599609375,22225.55078125,22225.55078125,0
2026-10-08 14:53:00,22225.5,22230.0,22222.75,22226.650390625,0
2026-10-08 14:54:00,22225.650390625,22228.55078125,22221.849609375,22224.94921875,0
2026-10-08 14:55:00,22224.55078125,22225.30078125,22211.400390625,22212.099609375,0
2026-10-08 14:56:00,22211.900390625,22213.099609375,22203.25,22206.44921875,0
2026-10-08 14:57:00,22206.349609375,22217.5,22202.650390625,22207.19921875,0
2026-10-08 14:58:00,22207.25,22209.5,22201.150390625,22202.650390625,0
2026-10-08 14:59:00,22202.400390625,22210.30078125,22201.5,22203.05078125,0
2026-10-08 15:00:00,22203.25,22219.349609375,22200.849609375,22217.19921875,0
2026-10-08 15:01:00,22218.099609375,22218.599609375,22204.75,22207.44921875,0
2026-10-08 15:02:00,22207.44921875,22211.30078125,22205.19921875,22209.05078125,0
2026-10-08 15:03:00,22209.75,22209.900390625,22200.25,22205.0,0
2026-10-08 15:04:00,22204.69921875,22206.150390625,22192.5,22193.900390625,0
2026-10-08 15:05:00,22193.75,22195.849609375,22184.900390625,22187.599609375,0
2026-10-08 15:06:00,22187.349609375,22195.400390625,22181.19921875,22195.099609375,0
2026-10-08 15:07:00,22194.94921875,22195.400390625,22182.150390625,22185.05078125,0
2026-10-08 15:08:00,22185.650390625,22195.94921875,22180.69921875,22186.69921875,0
2026-10-08 15:09:00,22186.55078125,22189.44921875,22180.30078125,22187.75,0
2026-10-08 15:10:00,22186.400390625,22198.150390625,22185.650390625,22196.849609375,0
2026-10-08 15:11:00,22196.55078125,22199.900390625,22194.349609375,22198.599609375,0
2026-10-08 15:12:00,22198.44921875,22202.650390625,22189.44921875,22200.150390625,0
2026-10-08 15:13:00,22198.400390625,22206.849609375,22197.5,22205.150390625,0
2026-10-08 15:14:00,22204.55078125,22214.150390625,22201.650390625,22212.80078125,0
2026-10-08 15:15:00,22215.80078125,22216.0,22215.80078125,22216.0,0
2026-10-08 15:16:00,22216.0,22216.0,22216.0,22216.0,0
2026-10-08 15:17:00,22216.0,22216.0,22216.0,22216.0,0
2026-10-08 15:18:00,22216.0,22216.0,22216.0,22216.0,0
2026-10-08 15:19:00,22216.0,22216.0,22216.0,22216.0,0
2026-10-08 15:20:00,22216.0,22216.0,22216.0,22216.0,0
2026-10-08 15:21:00,22216.0,22216.0,22216.0,22216.0,0
2026-10-08 15:22:00,22216.0,22216.0,22216.0,22216.0,0
2026-10-08 15:23:00,22216.0,22216.0,22216.0,22216.0,0
2026-10-08 15:24:00,22216.0,22216.0,22216.0,22216.0,0
2026-10-08 15:25:00,22216.0,22216.0,22216.0,22216.0,0
2026-10-08 15:26:00,22216.0,22216.0,22216.0,22216.0,0
2026-10-08 15:27:00,22216.0,22216.0,22216.0,22216.0,0
2026-10-08 15:28:00,22216.0,22231.80078125,22216.0,22231.80078125,0
2026-10-08 15:29:00,22231.80078125,22231.80078125,22231.80078125,22231.80078125,0
2026-10-09 09:15:00,22316.80078125,22351.0,22300.150390625,22349.349609375,0
2026-10-09 09:16:00,22350.05078125,22383.19921875,22349.900390625,22371.80078125,0
2026-10-09 09:17:00,22371.599609375,22381.44921875,22359.25,22367.650390625,0
2026-10-09 09:18:00,22368.099609375,22371.849609375,22352.349609375,22352.349609375,0
2026-10-09 09:19:00,22353.599609375,22354.30078125,22316.94921875,22319.849609375,0
2026-10-09 09:20:00,22319.849609375,22340.849609375,22319.599609375,22339.5,0
2026-10-09 09:21:00,22338.25,22344.44921875,22324.150390625,22324.900390625,0
2026-10-09 09:22:00,22325.349609375,22341.650390625,22323.900390625,22337.44921875,0
2026-10-09 09:23:00,22337.69921875,22338.150390625,22313.80078125,22314.80078125,0
2026-10-09 09:24:00,22315.05078125,22324.0,22300.25,22302.69921875,0
2026-10-09 09:25:00,22303.400390625,22312.150390625,22295.19921875,22305.30078125,0
2026-10-09 09:26:00,22305.0,22331.349609375,22300.44921875,22331.150390625,0
2026-10-09 09:27:00,22331.0,22358.650390625,22330.900390625,22349.900390625,0
2026-10-09 09:28:00,22349.849609375,22367.80078125,22349.80078125,22361.849609375,0
2026-10-09 09:29:00,22361.650390625,22376.05078125,22360.900390625,22375.099609375,0
2026-10-09 09:30:00,22375.55078125,22388.400390625,22368.94921875,22374.349609375,0
2026-10-09 09:31:00,22374.900390625,22379.599609375,22365.0,22373.75,0
2026-10-09 09:32:00,22374.75,22379.099609375,22362.5,22368.150390625,0
2026-10-09 09:33:00,22369.30078125,22388.19921875,22365.05078125,22388.19921875,0
2026-10-09 09:34:00,22388.55078125,22400.94921875,22388.05078125,22393.80078125,0
2026-10-09 09:35:00,22394.0,22396.80078125,22386.80078125,22388.5,0
2026-10-09 09:36:00,22388.25,22400.349609375,22387.599609375,22393.099609375,0
2026-10-09 09:37:00,22393.150390625,22393.94921875,22380.599609375,22383.44921875,0
2026-10-09 09:38:00,22383.650390625,22420.349609375,22383.650390625,22417.150390625,0
2026-10-09 09:39:00,22417.55078125,22418.94921875,22411.19921875,22412.400390625,0
2026-10-09 09:40:00,22412.150390625,22418.150390625,22407.0,22411.349609375,0
2026-10-09 09:41:00,22411.94921875,22432.900390625,22411.849609375,22421.650390625,0
2026-10-09 09:42:00,22421.599609375,22430.0,22421.599609375,22427.19921875,0
2026-10-09 09:43:00,22427.19921875,22433.25,22426.599609375,22428.75,0
2026-10-09 09:44:00,22428.44921875,22429.94921875,22422.69921875,22428.75,0
2026-10-09 09:45:00,22429.05078125,22437.5,22426.849609375,22432.5,0
2026-10-09 09:46:00,22432.650390625,22443.05078125,22432.349609375,22441.19921875,0
2026-10-09 09:47:00,22441.5,22447.30078125,22434.75,22434.75,0
2026-10-09 09:48:00,22435.400390625,22448.94921875,22435.19921875,22441.55078125,0
2026-10-09 09:49:00,22441.599609375,22449.349609375,22440.099609375,22446.150390625,0
2026-10-09 09:50:00,22446.69921875,22451.94921875,22439.849609375,22451.94921875,0
2026-10-09 09:51:00,22451.849609375,22462.75,22450.94921875,22454.849609375,0
2026-10-09 09:52:00,22454.75,22454.75,22437.0,22437.900390625,0
2026-10-09 09:53:00,22438.19921875,22450.5,22434.849609375,22441.94921875,0
2026-10-09 09:54:00,22442.400390625,22461.599609375,22441.25,22460.75,0
2026-10-09 09:55:00,22461.5,22473.94921875,22461.099609375,22468.0,0
2026-10-09 09:56:00,22468.19921875,22480.400390625,22466.25,22477.400390625,0
2026-10-09 09:57:00,22477.30078125,22479.5,22473.599609375,22476.94921875,0
2026-10-09 09:58:00,22476.94921875,22480.05078125,22470.55078125,22470.900390625,0
2026-10-09 09:59:00,22471.19921875,22474.25,22459.099609375,22459.94921875,0
2026-10-09 10:00:00,22460.099609375,22461.849609375,22442.69921875,22444.80078125,0
2026-10-09 10:01:00,22444.75,22451.650390625,22437.849609375,22442.099609375,0
2026-10-09 10:02:00,22441.94921875,22453.05078125,22441.55078125,22445.75,0
2026-10-09 10:03:00,22446.30078125,22451.900390625,22442.44921875,22451.599609375,0
2026-10-09 10:04:00,22451.599609375,22463.900390625,22451.25,22458.69921875,0
2026-10-09 10:05:00,22458.69921875,22462.650390625,22457.55078125,22462.19921875,0
2026-10-09 10:06:00,22462.30078125,22465.05078125,22457.099609375,22461.349609375,0
2026-10-09 10:07:00,22461.69921875,22476.44921875,22461.599609375,22473.099609375,0
2026-10-09 10:08:00,22473.099609375,22477.19921875,22468.55078125,22469.44921875,0
2026-10-09 10:09:00,22469.849609375,22485.349609375,22469.349609375,22482.19921875,0
2026-10-09 10:10:00,22482.5,22484.349609375,22470.849609375,22476.150390625,0
2026-10-09 10:11:00,22476.400390625,22491.69921875,22476.099609375,22486.80078125,0
2026-10-09 10:12:00,22486.94921875,22502.69921875,22486.19921875,22494.900390625,0
2026-10-09 10:13:00,22494.650390625,22495.94921875,22488.30078125,22489.349609375,0
2026-10-09 10:14:00,22489.25,22490.599609375,22479.55078125,22480.69921875,0
2026-10-09 10:15:00,22480.75,22482.099609375,22469.349609375,22472.44921875,0
2026-10-09 10:16:00,22472.599609375,22474.19921875,22466.650390625,22469.69921875,0
2026-10-09 10:17:00,22470.05078125,22477.650390625,22462.19921875,22462.80078125,0
2026-10-09 10:18:00,22463.30078125,22470.55078125,22461.19921875,22464.849609375,0
2026-10-09 10:19:00,22465.44921875,22472.0,22464.30078125,22469.44921875,0
2026-10-09 10:20:00,22469.400390625,22475.75,22468.849609375,22473.099609375,0
2026-10-09 10:21:00,22473.25,22477.150390625,22470.650390625,22476.5,0
2026-10-09 10:22:00,22476.75,22484.900390625,22471.400390625,22484.599609375,0
2026-10-09 10:23:00,22484.75,22492.55078125,22483.849609375,22488.19921875,0
2026-10-09 10:24:00,22487.849609375,22490.25,22481.0,22485.55078125,0
2026-10-09 10:25:00,22485.75,22497.69921875,22485.5,22496.80078125,0
2026-10-09 10:26:00,22496.80078125,22497.400390625,22488.599609375,22489.099609375,0
2026-10-09 10:27:00,22489.349609375,22497.599609375,22488.55078125,22496.5,0
2026-10-09 10:28:00,22496.400390625,22503.05078125,22496.349609375,22502.599609375,0
2026-10-09 10:29:00,22502.80078125,22515.75,22502.80078125,22508.849609375,0
2026-10-09 10:30:00,22509.0,22509.150390625,22492.30078125,22493.5,0
2026-10-09 10:31:00,22494.05078125,22499.099609375,22488.94921875,22489.55078125,0
2026-10-09 10:32:00,22490.099609375,22495.400390625,22487.69921875,22493.30078125,0
2026-10-09 10:33:00,22493.05078125,22493.30078125,22487.55078125,22490.44921875,0
2026-10-09 10:34:00,22490.150390625,22496.55078125,22490.099609375,22492.25,0
2026-10-09 10:35:00,22492.849609375,22500.5,22492.30078125,22500.30078125,0
2026-10-09 10:36:00,22499.0,22499.25,22492.900390625,22493.75,0
2026-10-09 10:37:00,22493.900390625,22493.94921875,22487.400390625,22488.80078125,0
2026-10-09 10:38:00,22489.150390625,22490.05078125,22479.19921875,22479.5,0
2026-10-09 10:39:00,22479.5,22480.94921875,22472.650390625,22473.69921875,0
2026-10-09 10:40:00,22473.69921875,22489.0,22472.75,22484.69921875,0
2026-10-09 10:41:00,22484.400390625,22484.75,22477.5,22483.5,0
2026-10-09 10:42:00,22483.80078125,22488.400390625,22482.849609375,22487.25,0
2026-10-09 10:43:00,22487.5,22497.44921875,22487.25,22497.25,0
2026-10-09 10:44:00,22497.349609375,22502.05078125,22495.849609375,22499.099609375,0
2026-10-09 10:45:00,22498.900390625,22502.94921875,22494.19921875,22497.400390625,0
2026-10-09 10:46:00,22497.099609375,22500.80078125,22492.650390625,22493.599609375,0
2026-10-09 10:47:00,22493.80078125,22494.55078125,22488.5,22492.400390625,0
2026-10-09 10:48:00,22492.44921875,22495.80078125,22489.099609375,22493.599609375,0
2026-10-09 10:49:00,22493.75,22505.75,22493.30078125,22504.900390625,0
2026-10-09 10:50:00,22505.349609375,22506.25,22494.0,22499.55078125,0
2026-10-09 10:51:00,22499.5,22505.69921875,22498.94921875,22504.400390625,0
2026-10-09 10:52:00,22504.55078125,22508.599609375,22501.849609375,22504.0,0
2026-10-09 10:53:00,22503.150390625,22504.05078125,22490.05078125,22490.30078125,0
2026-10-09 10:54:00,22489.55078125,22490.849609375,22484.400390625,22485.650390625,0
2026-10-09 10:55:00,22485.80078125,22488.599609375,22483.80078125,22484.400390625,0
2026-10-09 10:56:00,22485.0,22489.5,22481.5,22487.5,0
2026-10-09 10:57:00,22487.80078125,22496.44921875,22487.05078125,22492.900390625,0
2026-10-09 10:58:00,22492.900390625,22500.19921875,22491.150390625,22499.19921875,0
2026-10-09 10:59:00,22498.75,22514.150390625,22497.94921875,22510.599609375,0
2026-10-09 11:00:00,22510.05078125,22513.30078125,22504.849609375,22507.5,0
2026-10-09 11:01:00,22507.19921875,22511.5,22505.599609375,22508.400390625,0
2026-10-09 11:02:00,22508.599609375,22509.900390625,22498.400390625,22498.5,0
2026-10-09 11:03:00,22498.44921875,22499.69921875,22494.900390625,22495.150390625,0
2026-10-09 11:04:00,22495.099609375,22499.44921875,22494.69921875,22496.80078125,0
2026-10-09 11:05:00,22496.75,22497.80078125,22491.5,22494.55078125,0
2026-10-09 11:06:00,22494.55078125,22496.05078125,22484.75,22487.650390625,0
2026-10-09 11:07:00,22487.55078125,22498.0,22483.099609375,22493.80078125,0
2026-10-09 11:08:00,22493.69921875,22494.44921875,22485.94921875,22487.400390625,0
2026-10-09 11:09:00,22487.349609375,22490.94921875,22480.19921875,22487.349609375,0
2026-10-09 11:10:00,22487.349609375,22490.0,22482.25,22484.55078125,0
2026-10-09 11:11:00,22484.349609375,22491.349609375,22482.349609375,22491.349609375,0
2026-10-09 11:12:00,22491.44921875,22494.0,22485.150390625,22486.19921875,0
2026-10-09 11:13:00,22485.849609375,22498.150390625,22485.30078125,22497.849609375,0
2026-10-09 11:14:00,22498.150390625,22498.150390625,22493.94921875,22496.400390625,0
2026-10-09 11:15:00,22496.5,22498.44921875,22491.650390625,22492.55078125,0
2026-10-09 11:16:00,22492.69921875,22503.30078125,22492.650390625,22500.650390625,0
2026-10-09 11:17:00,22500.44921875,22504.900390625,22499.05078125,22503.599609375,0
2026-10-09 11:18:00,22503.44921875,22507.650390625,22501.0,22505.25,0
2026-10-09 11:19:00,22504.69921875,22534.19921875,22504.69921875,22527.55078125,0
2026-10-09 11:20:00,22527.599609375,22531.349609375,22522.55078125,22528.400390625,0
2026-10-09 11:21:00,22528.349609375,22528.55078125,22516.150390625,22517.25,0
2026-10-09 11:22:00,22517.150390625,22525.55078125,22513.5,22515.599609375,0
2026-10-09 11:23:00,22515.650390625,22519.19921875,22514.75,22516.5,0
2026-10-09 11:24:00,22516.5,22519.19921875,22514.900390625,22517.849609375,0
2026-10-09 11:25:00,22517.349609375,22521.69921875,22513.05078125,22521.05078125,0
2026-10-09 11:26:00,22520.5,22523.05078125,22512.349609375,22513.55078125,0
2026-10-09 11:27:00,22513.599609375,22516.150390625,22510.0,22514.400390625,0
2026-10-09 11:28:00,22514.150390625,22517.900390625,22513.44921875,22515.75,0
2026-10-09 11:29:00,22516.099609375,22517.94921875,22507.349609375,22509.5,0
2026-10-09 11:30:00,22509.5,22517.599609375,22509.19921875,22511.099609375,0
2026-10-09 11:31:00,22511.400390625,22512.099609375,22506.650390625,22506.80078125,0
2026-10-09 11:32:00,22507.150390625,22513.30078125,22506.05078125,22511.0,0
2026-10-09 11:33:00,22510.599609375,22514.69921875,22509.05078125,22509.19921875,0
2026-10-09 11:34:00,22509.650390625,22510.44921875,22495.05078125,22496.0,0
2026-10-09 11:35:00,22496.25,22497.94921875,22492.5,22494.650390625,0
2026-10-09 11:36:00,22494.599609375,22498.900390625,22487.0,22487.69921875,0
2026-10-09 11:37:00,22488.5,22494.900390625,22487.30078125,22494.55078125,0
2026-10-09 11:38:00,22494.75,22500.44921875,22492.150390625,22496.05078125,0
2026-10-09 11:39:00,22496.05078125,22496.349609375,22487.099609375,22491.69921875,0
2026-10-09 11:40:00,22491.650390625,22495.55078125,22488.80078125,22488.849609375,0
2026-10-09 11:41:00,22488.75,22491.150390625,22484.900390625,22486.05078125,0
2026-10-09 11:42:00,22486.099609375,22486.80078125,22472.19921875,22477.900390625,0
2026-10-09 11:43:00,22477.69921875,22479.55078125,22472.05078125,22473.94921875,0
2026-10-09 11:44:00,22474.25,22488.650390625,22473.75,22486.69921875,0
2026-10-09 11:45:00,22486.400390625,22488.30078125,22484.30078125,22488.25,0
2026-10-09 11:46:00,22488.25,22491.400390625,22487.400390625,22489.150390625,0
2026-10-09 11:47:00,22489.25,22490.599609375,22485.05078125,22487.650390625,0
2026-10-09 11:48:00,22487.55078125,22494.05078125,22487.30078125,22491.25,0
2026-10-09 11:49:00,22491.349609375,22494.25,22482.94921875,22485.05078125,0
2026-10-09 11:50:00,22485.05078125,22485.44921875,22479.099609375,22480.599609375,0
2026-10-09 11:51:00,22480.599609375,22483.44921875,22477.25,22480.19921875,0
2026-10-09 11:52:00,22480.400390625,22483.44921875,22472.80078125,22473.75,0
2026-10-09 11:53:00,22473.849609375,22478.25,22470.849609375,22475.69921875,0
2026-10-09 11:54:00,22475.5,22477.0,22462.900390625,22470.099609375,0
2026-10-09 11:55:00,22470.0,22478.650390625,22469.19921875,22470.30078125,0
2026-10-09 11:56:00,22471.0,22472.69921875,22464.75,22468.19921875,0
2026-10-09 11:57:00,22468.69921875,22468.94921875,22464.150390625,22466.5,0
2026-10-09 11:58:00,22466.400390625,22468.5,22458.05078125,22458.05078125,0
2026-10-09 11:59:00,22458.30078125,22458.94921875,22448.55078125,22450.05078125,0
2026-10-09 12:00:00,22450.80078125,22463.150390625,22450.349609375,22453.0,0
2026-10-09 12:01:00,22452.599609375,22453.599609375,22447.55078125,22448.349609375,0
2026-10-09 12:02:00,22448.69921875,22454.849609375,22446.099609375,22451.0,0
2026-10-09 12:03:00,22451.55078125,22456.44921875,22451.5,22453.94921875,0
2026-10-09 12:04:00,22453.75,22468.75,22452.650390625,22464.55078125,0
2026-10-09 12:05:00,22464.099609375,22473.94921875,22463.94921875,22471.349609375,0
2026-10-09 12:06:00,22471.44921875,22480.25,22470.349609375,22480.25,0
2026-10-09 12:07:00,22480.19921875,22481.19921875,22477.25,22479.400390625,0
2026-10-09 12:08:00,22479.400390625,22486.69921875,22478.400390625,22484.55078125,0
2026-10-09 12:09:00,22484.69921875,22497.19921875,22484.650390625,22494.30078125,0
2026-10-09 12:10:00,22494.19921875,22496.19921875,22485.150390625,22485.55078125,0
2026-10-09 12:11:00,22485.5,22485.80078125,22481.5,22481.599609375,0
2026-10-09 12:12:00,22481.55078125,22484.80078125,22479.80078125,22480.75,0
2026-10-09 12:13:00,22480.900390625,22481.400390625,22469.30078125,22469.900390625,0
2026-10-09 12:14:00,22469.94921875,22470.900390625,22467.55078125,22470.099609375,0
2026-10-09 12:15:00,22470.05078125,22475.75,22469.80078125,22473.44921875,0
2026-10-09 12:16:00,22473.400390625,22482.55078125,22473.19921875,22476.900390625,0
2026-10-09 12:17:00,22476.75,22476.75,22468.30078125,22468.80078125,0
2026-10-09 12:18:00,22468.75,22470.94921875,22467.5,22467.849609375,0
2026-10-09 12:19:00,22467.849609375,22469.099609375,22464.44921875,22465.849609375,0
2026-10-09 12:20:00,22465.25,22471.69921875,22464.400390625,22468.400390625,0
2026-10-09 12:21:00,22468.5,22468.900390625,22463.849609375,22466.25,0
2026-10-09 12:22:00,22466.05078125,22469.25,22463.400390625,22468.30078125,0
2026-10-09 12:23:00,22468.19921875,22469.599609375,22465.650390625,22466.5,0
2026-10-09 12:24:00,22466.5,22474.650390625,22465.80078125,22473.05078125,0
2026-10-09 12:25:00,22473.099609375,22476.5,22472.599609375,22473.80078125,0
2026-10-09 12:26:00,22473.849609375,22474.94921875,22469.5,22470.25,0
2026-10-09 12:27:00,22470.19921875,22473.599609375,22466.0,22470.44921875,0
2026-10-09 12:28:00,22470.0,22470.0,22463.55078125,22465.5,0
2026-10-09 12:29:00,22465.400390625,22471.44921875,22464.599609375,22467.349609375,0
2026-10-09 12:30:00,22467.349609375,22468.400390625,22460.19921875,22462.94921875,0
2026-10-09 12:31:00,22463.25,22471.849609375,22462.75,22470.75,0
2026-10-09 12:32:00,22470.849609375,22473.5,22468.599609375,22472.80078125,0
2026-10-09 12:33:00,22472.599609375,22478.69921875,22472.150390625,22478.25,0
2026-10-09 12:34:00,22477.80078125,22480.5,22470.599609375,22473.05078125,0
2026-10-09 12:35:00,22473.05078125,22479.599609375,22472.849609375,22477.05078125,0
2026-10-09 12:36:00,22477.099609375,22482.900390625,22476.0,22482.25,0
2026-10-09 12:37:00,22481.69921875,22483.55078125,22478.75,22481.150390625,0
2026-10-09 12:38:00,22481.19921875,22484.0,22479.30078125,22484.0,0
2026-10-09 12:39:00,22484.150390625,22485.69921875,22478.19921875,22479.900390625,0
2026-10-09 12:40:00,22480.0,22483.25,22475.80078125,22478.05078125,0
2026-10-09 12:41:00,22478.30078125,22488.19921875,22477.5,22483.19921875,0
2026-10-09 12:42:00,22483.099609375,22484.5,22480.400390625,22481.650390625,0
2026-10-09 12:43:00,22481.650390625,22483.05078125,22477.25,22480.400390625,0
2026-10-09 12:44:00,22480.400390625,22480.900390625,22469.80078125,22477.349609375,0
2026-10-09 12:45:00,22477.19921875,22483.099609375,22475.099609375,22483.099609375,0
2026-10-09 12:46:00,22483.05078125,22485.349609375,22480.099609375,22483.0,0
2026-10-09 12:47:00,22483.0,22486.69921875,22482.55078125,22485.69921875,0
2026-10-09 12:48:00,22485.44921875,22489.55078125,22482.900390625,22489.05078125,0
2026-10-09 12:49:00,22489.19921875,22492.25,22487.599609375,22490.900390625,0
2026-10-09 12:50:00,22490.69921875,22498.80078125,22490.44921875,22497.94921875,0
2026-10-09 12:51:00,22498.099609375,22498.099609375,22492.349609375,22493.900390625,0
2026-10-09 12:52:00,22493.900390625,22494.44921875,22491.0,22493.150390625,0
2026-10-09 12:53:00,22492.94921875,22497.25,22492.44921875,22495.150390625,0
2026-10-09 12:54:00,22494.900390625,22502.30078125,22494.400390625,22501.30078125,0
2026-10-09 12:55:00,22501.19921875,22507.19921875,22499.599609375,22505.099609375,0
2026-10-09 12:56:00,22505.099609375,22506.400390625,22499.69921875,22504.75,0
2026-10-09 12:57:00,22504.849609375,22511.650390625,22502.94921875,22509.0,0
2026-10-09 12:58:00,22509.25,22512.75,22507.69921875,22510.150390625,0
2026-10-09 12:59:00,22510.0,22515.30078125,22509.0,22511.94921875,0
2026-10-09 13:00:00,22511.94921875,22512.30078125,22501.55078125,22504.900390625,0
2026-10-09 13:01:00,22504.94921875,22505.94921875,22502.099609375,22503.19921875,0
2026-10-09 13:02:00,22502.900390625,22503.69921875,22492.150390625,22492.55078125,0
2026-10-09 13:03:00,22492.599609375,22494.05078125,22487.099609375,22490.0,0
2026-10-09 13:04:00,22489.94921875,22490.099609375,22485.349609375,22486.44921875,0
2026-10-09 13:05:00,22487.0,22495.0,22486.19921875,22495.0,0
2026-10-09 13:06:00,22494.900390625,22497.599609375,22493.5,22494.75,0
2026-10-09 13:07:00,22494.69921875,22496.55078125,22491.80078125,22495.05078125,0
2026-10-09 13:08:00,22494.900390625,22497.099609375,22493.69921875,22494.75,0
2026-10-09 13:09:00,22494.80078125,22503.349609375,22494.099609375,22502.94921875,0
2026-10-09 13:10:00,22503.25,22503.25,22500.150390625,22501.400390625,0
2026-10-09 13:11:00,22501.400390625,22507.5,22500.849609375,22504.94921875,0
2026-10-09 13:12:00,22504.94921875,22505.25,22497.349609375,22498.19921875,0
2026-10-09 13:13:00,22498.150390625,22507.30078125,22497.55078125,22507.099609375,0
2026-10-09 13:14:00,22506.900390625,22509.75,22502.55078125,22503.400390625,0
2026-10-09 13:15:00,22503.349609375,22506.150390625,22500.75,22505.400390625,0
2026-10-09 13:16:00,22505.55078125,22508.19921875,22502.900390625,22504.05078125,0
2026-10-09 13:17:00,22504.400390625,22504.400390625,22499.30078125,22500.650390625,0
2026-10-09 13:18:00,22500.650390625,22507.5,22498.400390625,22499.55078125,0
2026-10-09 13:19:00,22499.400390625,22501.400390625,22496.94921875,22497.44921875,0
2026-10-09 13:20:00,22497.44921875,22500.5,22496.80078125,22499.150390625,0
2026-10-09 13:21:00,22499.19921875,22504.599609375,22497.900390625,22504.5,0
2026-10-09 13:22:00,22504.599609375,22507.44921875,22500.25,22507.099609375,0
2026-10-09 13:23:00,22507.349609375,22511.0,22506.69921875,22508.75,0
2026-10-09 13:24:00,22508.599609375,22512.30078125,22507.849609375,22509.80078125,0
2026-10-09 13:25:00,22509.849609375,22510.75,22504.5,22505.099609375,0
2026-10-09 13:26:00,22505.19921875,22507.099609375,22504.150390625,22506.94921875,0
2026-10-09 13:27:00,22506.69921875,22508.44921875,22503.349609375,22508.44921875,0
2026-10-09 13:28:00,22508.099609375,22508.599609375,22502.69921875,22503.349609375,0
2026-10-09 13:29:00,22503.5,22504.849609375,22500.0,22502.44921875,0
2026-10-09 13:30:00,22502.19921875,22504.94921875,22498.849609375,22501.80078125,0
2026-10-09 13:31:00,22501.75,22505.849609375,22501.05078125,22505.80078125,0
2026-10-09 13:32:00,22505.80078125,22506.30078125,22496.75,22497.30078125,0
2026-10-09 13:33:00,22496.80078125,22503.30078125,22495.25,22502.30078125,0
2026-10-09 13:34:00,22502.099609375,22508.150390625,22501.94921875,22507.55078125,0
2026-10-09 13:35:00,22507.5,22507.5,22501.599609375,22501.900390625,0
2026-10-09 13:36:00,22502.099609375,22509.349609375,22499.55078125,22507.150390625,0
2026-10-09 13:37:00,22507.599609375,22508.80078125,22504.099609375,22508.75,0
2026-10-09 13:38:00,22508.69921875,22510.599609375,22504.55078125,22505.55078125,0
2026-10-09 13:39:00,22505.650390625,22509.44921875,22503.19921875,22509.349609375,0
2026-10-09 13:40:00,22509.150390625,22514.44921875,22508.25,22513.599609375,0
2026-10-09 13:41:00,22513.599609375,22514.94921875,22511.05078125,22511.55078125,0
2026-10-09 13:42:00,22511.849609375,22515.650390625,22510.849609375,22515.099609375,0
2026-10-09 13:43:00,22515.349609375,22521.5,22511.94921875,22519.099609375,0
2026-10-09 13:44:00,22519.05078125,22530.30078125,22517.75,22526.150390625,0
2026-10-09 13:45:00,22526.25,22526.400390625,22521.349609375,22521.55078125,0
2026-10-09 13:46:00,22521.599609375,22528.75,22521.599609375,22527.5,0
2026-10-09 13:47:00,22527.349609375,22529.80078125,22523.650390625,22524.5,0
2026-10-09 13:48:00,22524.69921875,22535.5,22523.44921875,22533.94921875,0
2026-10-09 13:49:00,22534.099609375,22538.400390625,22533.099609375,22533.25,0
2026-10-09 13:50:00,22533.5,22534.349609375,22530.599609375,22533.30078125,0
2026-10-09 13:51:00,22533.5,22535.80078125,22526.25,22527.44921875,0
2026-10-09 13:52:00,22527.69921875,22528.099609375,22522.900390625,22523.30078125,0
2026-10-09 13:53:00,22523.400390625,22525.599609375,22520.599609375,22520.599609375,0
2026-10-09 13:54:00,22520.599609375,22521.5,22515.05078125,22520.599609375,0
2026-10-09 13:55:00,22520.650390625,22526.349609375,22519.44921875,22525.94921875,0
2026-10-09 13:56:00,22525.80078125,22533.69921875,22525.5,22531.94921875,0
2026-10-09 13:57:00,22531.94921875,22534.400390625,22531.5,22534.150390625,0
2026-10-09 13:58:00,22534.150390625,22542.150390625,22533.75,22540.400390625,0
2026-10-09 13:59:00,22540.44921875,22551.150390625,22539.849609375,22548.5,0
2026-10-09 14:00:00,22548.25,22548.75,22536.099609375,22536.94921875,0
2026-10-09 14:01:00,22536.94921875,22537.44921875,22529.30078125,22531.349609375,0
2026-10-09 14:02:00,22531.349609375,22535.19921875,22529.849609375,22532.599609375,0
2026-10-09 14:03:00,22532.599609375,22538.650390625,22532.599609375,22537.900390625,0
2026-10-09 14:04:00,22538.150390625,22541.650390625,22535.0,22536.150390625,0
2026-10-09 14:05:00,22535.849609375,22543.099609375,22535.5,22542.849609375,0
2026-10-09 14:06:00,22543.0,22551.650390625,22541.25,22551.650390625,0
2026-10-09 14:07:00,22551.650390625,22558.30078125,22550.75,22554.349609375,0
2026-10-09 14:08:00,22554.69921875,22560.099609375,22553.099609375,22556.349609375,0
2026-10-09 14:09:00,22556.349609375,22560.55078125,22555.19921875,22558.19921875,0
2026-10-09 14:10:00,22558.19921875,22558.5,22547.80078125,22549.599609375,0
2026-10-09 14:11:00,22549.25,22552.099609375,22545.25,22549.19921875,0
2026-10-09 14:12:00,22548.349609375,22549.5,22545.30078125,22547.05078125,0
2026-10-09 14:13:00,22546.5,22550.0,22543.94921875,22547.69921875,0
2026-10-09 14:14:00,22548.05078125,22549.19921875,22542.650390625,22544.400390625,0
2026-10-09 14:15:00,22544.400390625,22549.55078125,22543.400390625,22545.5,0
2026-10-09 14:16:00,22545.650390625,22554.05078125,22543.5,22553.80078125,0
2026-10-09 14:17:00,22554.0,22560.19921875,22549.900390625,22558.849609375,0
2026-10-09 14:18:00,22558.849609375,22580.5,22557.349609375,22578.69921875,0
2026-10-09 14:19:00,22578.5,22578.55078125,22570.849609375,22571.44921875,0
2026-10-09 14:20:00,22570.30078125,22572.75,22561.69921875,22562.849609375,0
2026-10-09 14:21:00,22563.25,22571.80078125,22562.349609375,22570.849609375,0
2026-10-09 14:22:00,22570.599609375,22577.25,22570.349609375,22572.44921875,0
2026-10-09 14:23:00,22572.44921875,22572.900390625,22561.80078125,22563.44921875,0
2026-10-09 14:24:00,22563.650390625,22565.30078125,22558.900390625,22559.30078125,0
2026-10-09 14:25:00,22559.30078125,22563.5,22554.900390625,22562.0,0
2026-10-09 14:26:00,22561.94921875,22567.0,22560.0,22563.349609375,0
2026-10-09 14:27:00,22563.650390625,22563.650390625,22557.05078125,22562.30078125,0
2026-10-09 14:28:00,22561.400390625,22562.599609375,22557.5,22558.80078125,0
2026-10-09 14:29:00,22558.900390625,22558.900390625,22549.400390625,22551.650390625,0
2026-10-09 14:30:00,22551.599609375,22552.44921875,22541.80078125,22542.55078125,0
2026-10-09 14:31:00,22543.400390625,22546.400390625,22539.25,22544.75,0
2026-10-09 14:32:00,22544.55078125,22549.400390625,22542.30078125,22549.400390625,0
2026-10-09 14:33:00,22549.349609375,22551.80078125,22546.400390625,22549.5,0
2026-10-09 14:34:00,22549.75,22550.55078125,22544.150390625,22544.94921875,0
2026-10-09 14:35:00,22545.19921875,22548.349609375,22543.19921875,22544.94921875,0
2026-10-09 14:36:00,22545.5,22550.650390625,22541.099609375,22547.849609375,0
2026-10-09 14:37:00,22547.94921875,22549.69921875,22543.900390625,22548.349609375,0
2026-10-09 14:38:00,22548.25,22549.400390625,22546.44921875,22547.900390625,0
2026-10-09 14:39:00,22548.0,22549.849609375,22545.80078125,22548.69921875,0
2026-10-09 14:40:00,22548.900390625,22548.900390625,22539.75,22540.44921875,0
2026-10-09 14:41:00,22540.599609375,22544.44921875,22539.400390625,22544.44921875,0
2026-10-09 14:42:00,22544.0,22555.75,22543.19921875,22555.75,0
2026-10-09 14:43:00,22555.849609375,22562.05078125,22555.69921875,22561.5,0
2026-10-09 14:44:00,22561.55078125,22563.80078125,22555.599609375,22562.44921875,0
2026-10-09 14:45:00,22562.44921875,22567.599609375,22559.900390625,22566.0,0
2026-10-09 14:46:00,22566.05078125,22566.44921875,22558.44921875,22561.55078125,0
2026-10-09 14:47:00,22561.30078125,22564.05078125,22558.849609375,22563.349609375,0
2026-10-09 14:48:00,22563.099609375,22563.30078125,22556.05078125,22558.900390625,0
2026-10-09 14:49:00,22559.30078125,22562.349609375,22555.0,22555.400390625,0
2026-10-09 14:50:00,22555.5,22561.400390625,22554.150390625,22558.30078125,0
2026-10-09 14:51:00,22558.150390625,22560.05078125,22554.30078125,22556.900390625,0
2026-10-09 14:52:00,22557.099609375,22559.44921875,22554.80078125,22559.30078125,0
2026-10-09 14:53:00,22559.30078125,22562.650390625,22557.650390625,22560.0,0
2026-10-09 14:54:00,22559.94921875,22563.849609375,22558.94921875,22560.400390625,0
2026-10-09 14:55:00,22560.599609375,22563.94921875,22556.099609375,22563.19921875,0
2026-10-09 14:56:00,22563.150390625,22566.099609375,22561.599609375,22565.099609375,0
2026-10-09 14:57:00,22565.5,22570.05078125,22565.19921875,22567.599609375,0
2026-10-09 14:58:00,22567.599609375,22571.0,22565.0,22567.69921875,0
2026-10-09 14:59:00,22567.349609375,22567.94921875,22562.599609375,22563.19921875,0
2026-10-09 15:00:00,22563.75,22564.80078125,22550.849609375,22552.05078125,0
2026-10-09 15:01:00,22552.55078125,22555.19921875,22541.900390625,22543.349609375,0
2026-10-09 15:02:00,22543.05078125,22546.05078125,22536.599609375,22536.599609375,0
2026-10-09 15:03:00,22535.25,22544.650390625,22532.19921875,22539.55078125,0
2026-10-09 15:04:00,22537.80078125,22545.44921875,22537.75,22544.400390625,0
2026-10-09 15:05:00,22541.900390625,22545.150390625,22538.900390625,22543.400390625,0
2026-10-09 15:06:00,22541.400390625,22544.19921875,22539.19921875,22541.69921875,0
2026-10-09 15:07:00,22539.650390625,22546.099609375,22538.44921875,22544.25,0
2026-10-09 15:08:00,22542.94921875,22546.05078125,22541.30078125,22543.94921875,0
2026-10-09 15:09:00,22543.19921875,22546.650390625,22535.80078125,22536.5,0
2026-10-09 15:10:00,22536.44921875,22537.349609375,22531.80078125,22532.44921875,0
2026-10-09 15:11:00,22532.400390625,22534.80078125,22530.150390625,22530.150390625,0
2026-10-09 15:12:00,22530.5,22535.44921875,22523.5,22527.150390625,0
2026-10-09 15:13:00,22526.75,22530.25,22523.19921875,22527.900390625,0
2026-10-09 15:14:00,22527.5,22536.599609375,22518.75,22535.150390625,0
2026-10-09 15:15:00,22535.650390625,22535.650390625,22535.650390625,22535.650390625,0
2026-10-09 15:16:00,22535.650390625,22535.650390625,22535.650390625,22535.650390625,0
2026-10-09 15:17:00,22535.650390625,22535.650390625,22535.650390625,22535.650390625,0
2026-10-09 15:18:00,22535.650390625,22535.650390625,22535.650390625,22535.650390625,0
2026-10-09 15:19:00,22535.650390625,22535.650390625,22535.650390625,22535.650390625,0
2026-10-09 15:20:00,22535.650390625,22535.650390625,22535.650390625,22535.650390625,0
2026-10-09 15:21:00,22535.650390625,22535.650390625,22535.650390625,22535.650390625,0
2026-10-09 15:22:00,22535.650390625,22535.650390625,22535.650390625,22535.650390625,0
2026-10-09 15:23:00,22535.650390625,22535.650390625,22535.650390625,22535.650390625,0
2026-10-09 15:24:00,22535.650390625,22535.650390625,22535.650390625,22535.650390625,0
2026-10-09 15:25:00,22535.650390625,22535.650390625,22535.650390625,22535.650390625,0
2026-10-09 15:26:00,22535.650390625,22535.650390625,22535.650390625,22535.650390625,0
2026-10-09 15:27:00,22535.650390625,22535.650390625,22535.650390625,22535.650390625,0
2026-10-09 15:28:00,22535.650390625,22535.650390625,22535.650390625,22535.650390625,0
2026-10-09 15:29:00,22535.650390625,22535.650390625,22520.44921875,22520.44921875,0
